reel_id,views,likes,comments,hashtag,timestamp
3707105007571304538,4146,726,16,fitnessmotivation,2025-08-25T17:04:36.000Z
3707105007571304538,4146,726,16,asthetic,2025-08-25T17:04:36.000Z
3707105007571304538,4146,726,16,physique,2025-08-25T17:04:36.000Z
3707105007571304538,4146,726,16,fitness,2025-08-25T17:04:36.000Z
3707105007571304538,4146,726,16,bodybuiding,2025-08-25T17:04:36.000Z
3707105007571304538,4146,726,16,gym,2025-08-25T17:04:36.000Z
3707105007571304538,4146,726,16,motivation,2025-08-25T17:04:36.000Z
3707105007571304538,4146,726,16,bodybuilder,2025-08-25T17:04:36.000Z
3707105007571304538,4146,726,16,explorepage,2025-08-25T17:04:36.000Z
3707105007571304538,4146,726,16,workout,2025-08-25T17:04:36.000Z
3707105007571304538,4146,726,16,workoutmotivation,2025-08-25T17:04:36.000Z
3707105007571304538,4146,726,16,weightlifting,2025-08-25T17:04:36.000Z
3707105007571304538,4146,726,16,powerlifting,2025-08-25T17:04:36.000Z
3813517977711762126,26897,9827,82,gym,2026-01-19T12:47:01.000Z
3813517977711762126,26897,9827,82,gymmotivation,2026-01-19T12:47:01.000Z
3813517977711762126,26897,9827,82,motivation,2026-01-19T12:47:01.000Z
3813517977711762126,26897,9827,82,quotes,2026-01-19T12:47:01.000Z
3813517977711762126,26897,9827,82,mindset,2026-01-19T12:47:01.000Z
3668684609760242880,1662,1961,33,fitnessmotivation,2025-07-03T16:49:36.000Z
3668684609760242880,1662,1961,33,asthetic,2025-07-03T16:49:36.000Z
3668684609760242880,1662,1961,33,physique,2025-07-03T16:49:36.000Z
3668684609760242880,1662,1961,33,fitness,2025-07-03T16:49:36.000Z
3668684609760242880,1662,1961,33,bodybuiding,2025-07-03T16:49:36.000Z
3668684609760242880,1662,1961,33,gym,2025-07-03T16:49:36.000Z
3668684609760242880,1662,1961,33,motivation,2025-07-03T16:49:36.000Z
3668684609760242880,1662,1961,33,bodybuilder,2025-07-03T16:49:36.000Z
3668684609760242880,1662,1961,33,explorepage,2025-07-03T16:49:36.000Z
3668684609760242880,1662,1961,33,workout,2025-07-03T16:49:36.000Z
3668684609760242880,1662,1961,33,workoutmotivation,2025-07-03T16:49:36.000Z
3668684609760242880,1662,1961,33,weightlifting,2025-07-03T16:49:36.000Z
3668684609760242880,1662,1961,33,powerlifting,2025-07-03T16:49:36.000Z
3809899148418999226,4207,1153,63,aesthetic,2026-01-14T12:57:23.000Z
3809899148418999226,4207,1153,63,gym,2026-01-14T12:57:23.000Z
3809899148418999226,4207,1153,63,gymmotivation,2026-01-14T12:57:23.000Z
3809899148418999226,4207,1153,63,bodybuilding,2026-01-14T12:57:23.000Z
3809899148418999226,4207,1153,63,explore,2026-01-14T12:57:23.000Z
3700691746253365487,6577,1543,35,fitnessmotivation,2025-08-16T20:42:16.000Z
3700691746253365487,6577,1543,35,asthetic,2025-08-16T20:42:16.000Z
3700691746253365487,6577,1543,35,physique,2025-08-16T20:42:16.000Z
3700691746253365487,6577,1543,35,fitness,2025-08-16T20:42:16.000Z
3700691746253365487,6577,1543,35,bodybuiding,2025-08-16T20:42:16.000Z
3700691746253365487,6577,1543,35,gym,2025-08-16T20:42:16.000Z
3700691746253365487,6577,1543,35,motivation,2025-08-16T20:42:16.000Z
3700691746253365487,6577,1543,35,bodybuilder,2025-08-16T20:42:16.000Z
3700691746253365487,6577,1543,35,explorepage,2025-08-16T20:42:16.000Z
3700691746253365487,6577,1543,35,workout,2025-08-16T20:42:16.000Z
3700691746253365487,6577,1543,35,workoutmotivation,2025-08-16T20:42:16.000Z
3700691746253365487,6577,1543,35,weightlifting,2025-08-16T20:42:16.000Z
3700691746253365487,6577,1543,35,powerlifting,2025-08-16T20:42:16.000Z
3683867129485134749,6440,1475,20,asthetic,2025-07-24T15:36:49.000Z
3683867129485134749,6440,1475,20,physique,2025-07-24T15:36:49.000Z
3683867129485134749,6440,1475,20,fitness,2025-07-24T15:36:49.000Z
3683867129485134749,6440,1475,20,bodybuiding,2025-07-24T15:36:49.000Z
3683867129485134749,6440,1475,20,gym,2025-07-24T15:36:49.000Z
3683867129485134749,6440,1475,20,motivation,2025-07-24T15:36:49.000Z
3683867129485134749,6440,1475,20,bodybuilder,2025-07-24T15:36:49.000Z
3683867129485134749,6440,1475,20,explorepage,2025-07-24T15:36:49.000Z
3683867129485134749,6440,1475,20,workout,2025-07-24T15:36:49.000Z
3808470038392073136,4605,1250,37,gym,2026-01-12T13:38:19.000Z
3808470038392073136,4605,1250,37,gymmotivation,2026-01-12T13:38:19.000Z
3808470038392073136,4605,1250,37,mindset,2026-01-12T13:38:19.000Z
3808470038392073136,4605,1250,37,motivation,2026-01-12T13:38:19.000Z
3808470038392073136,4605,1250,37,quotes,2026-01-12T13:38:19.000Z
3682587649115871254,10869,1519,22,asthetic,2025-07-22T21:11:57.000Z
3682587649115871254,10869,1519,22,physique,2025-07-22T21:11:57.000Z
3682587649115871254,10869,1519,22,fitness,2025-07-22T21:11:57.000Z
3682587649115871254,10869,1519,22,bodybuiding,2025-07-22T21:11:57.000Z
3682587649115871254,10869,1519,22,gym,2025-07-22T21:11:57.000Z
3682587649115871254,10869,1519,22,motivation,2025-07-22T21:11:57.000Z
3682587649115871254,10869,1519,22,bodybuilder,2025-07-22T21:11:57.000Z
3682587649115871254,10869,1519,22,explorepage,2025-07-22T21:11:57.000Z
3682587649115871254,10869,1519,22,workout,2025-07-22T21:11:57.000Z
3675162934007333824,5348,4813,78,gym,2025-07-12T15:20:45.000Z
3675162934007333824,5348,4813,78,diet,2025-07-12T15:20:45.000Z
3675162934007333824,5348,4813,78,bodybuiding,2025-07-12T15:20:45.000Z
3675162934007333824,5348,4813,78,fitness,2025-07-12T15:20:45.000Z
3675162934007333824,5348,4813,78,lifting,2025-07-12T15:20:45.000Z
3809304260475717833,78794,3786,57,haircare,2026-01-13T17:15:54.000Z
3809304260475717833,78794,3786,57,hairloss,2026-01-13T17:15:54.000Z
3819932699465420126,22564,3516,22,gymmotivation,2026-01-28T09:12:32.000Z
3819932699465420126,22564,3516,22,abs,2026-01-28T09:12:32.000Z
3819932699465420126,22564,3516,22,gym,2026-01-28T09:12:32.000Z
3819932699465420126,22564,3516,22,asian,2026-01-28T09:12:32.000Z
3816065992997571113,13356,680,12,aautospa,2026-01-23T01:11:04.000Z
3816065992997571113,13356,680,12,luxurymobiledetailing,2026-01-23T01:11:04.000Z
3816065992997571113,13356,680,12,porschedetailing,2026-01-23T01:11:04.000Z
3816065992997571113,13356,680,12,gyminfluencer,2026-01-23T01:11:04.000Z
3816065992997571113,13356,680,12,bocaraton,2026-01-23T01:11:04.000Z
3815976323323555294,7029,294,3,formcorrection,2026-01-22T22:12:16.000Z
3815976323323555294,7029,294,3,gymrat,2026-01-22T22:12:16.000Z
3783034689054511503,69689,27099,90,motivational,2025-12-08T11:22:23.000Z
3783034689054511503,69689,27099,90,gym,2025-12-08T11:22:23.000Z
3783034689054511503,69689,27099,90,gymmotivation,2025-12-08T11:22:23.000Z
3783034689054511503,69689,27099,90,growth,2025-12-08T11:22:23.000Z
3783034689054511503,69689,27099,90,mindset,2025-12-08T11:22:23.000Z
3783034689054511503,69689,27099,90,quotes,2025-12-08T11:22:23.000Z
3783034689054511503,69689,27099,90,fitness,2025-12-08T11:22:23.000Z
3783034689054511503,69689,27099,90,fitnessmotivation,2025-12-08T11:22:23.000Z
3783034689054511503,69689,27099,90,inspiration,2025-12-08T11:22:23.000Z
3779451972333337163,7922,2413,66,gym,2025-12-03T12:45:28.000Z
3779451972333337163,7922,2413,66,gymmotivation,2025-12-03T12:45:28.000Z
3779451972333337163,7922,2413,66,mindset,2025-12-03T12:45:28.000Z
3779451972333337163,7922,2413,66,quotes,2025-12-03T12:45:28.000Z
3779451972333337163,7922,2413,66,relatable,2025-12-03T12:45:28.000Z
3779451972333337163,7922,2413,66,fitness,2025-12-03T12:45:28.000Z
3779451972333337163,7922,2413,66,fitnessmotivation,2025-12-03T12:45:28.000Z
3779451972333337163,7922,2413,66,motivation,2025-12-03T12:45:28.000Z
3779451972333337163,7922,2413,66,dontgiveup,2025-12-03T12:45:28.000Z
3779451972333337163,7922,2413,66,inspiration,2025-12-03T12:45:28.000Z
3796226045549715889,23711,6297,80,gym,2025-12-26T16:11:13.000Z
3796226045549715889,23711,6297,80,gymmotivation,2025-12-26T16:11:13.000Z
3796226045549715889,23711,6297,80,motivation,2025-12-26T16:11:13.000Z
3796226045549715889,23711,6297,80,mindset,2025-12-26T16:11:13.000Z
3796226045549715889,23711,6297,80,inspiration,2025-12-26T16:11:13.000Z
3788218171787514839,39612,13883,64,gym,2025-12-15T15:00:52.000Z
3788218171787514839,39612,13883,64,gymmotivation,2025-12-15T15:00:52.000Z
3788218171787514839,39612,13883,64,motivation,2025-12-15T15:00:52.000Z
3788218171787514839,39612,13883,64,mindset,2025-12-15T15:00:52.000Z
3788218171787514839,39612,13883,64,obsessed,2025-12-15T15:00:52.000Z
3788218171787514839,39612,13883,64,fitness,2025-12-15T15:00:52.000Z
3788218171787514839,39612,13883,64,fitnessmotivation,2025-12-15T15:00:52.000Z
3788218171787514839,39612,13883,64,relatable,2025-12-15T15:00:52.000Z
3788218171787514839,39612,13883,64,quotes,2025-12-15T15:00:52.000Z
3788218171787514839,39612,13883,64,inspiration,2025-12-15T15:00:52.000Z
3788218171787514839,39612,13883,64,discipline,2025-12-15T15:00:52.000Z
3560210306318055370,8766339,1515348,5158,gym,2025-02-04T00:50:00.000Z
3560210306318055370,8766339,1515348,5158,gymmotivation,2025-02-04T00:50:00.000Z
3560210306318055370,8766339,1515348,5158,zyzz,2025-02-04T00:50:00.000Z
3560210306318055370,8766339,1515348,5158,zyzzmotivation,2025-02-04T00:50:00.000Z
3560210306318055370,8766339,1515348,5158,17,2025-02-04T00:50:00.000Z
3560210306318055370,8766339,1515348,5158,17yearsold,2025-02-04T00:50:00.000Z
3560210306318055370,8766339,1515348,5158,workout,2025-02-04T00:50:00.000Z
3560210306318055370,8766339,1515348,5158,workoutmotivation,2025-02-04T00:50:00.000Z
3169985619350932146,915764,123098,931,skateboard,2023-08-15T15:06:04.000Z
3169985619350932146,915764,123098,931,backflip,2023-08-15T15:06:04.000Z
3169985619350932146,915764,123098,931,sctop10,2023-08-15T15:06:04.000Z
3169985619350932146,915764,123098,931,viral,2023-08-15T15:06:04.000Z
3819202847712056600,35503,7185,65,gym,2026-01-27T09:01:52.000Z
3819202847712056600,35503,7185,65,gymmotivation,2026-01-27T09:01:52.000Z
3819202847712056600,35503,7185,65,asain,2026-01-27T09:01:52.000Z
3130125630321260576,10606334,709410,3716,insane,2023-06-21T15:18:45.000Z
3130125630321260576,10606334,709410,3716,challenge,2023-06-21T15:18:45.000Z
3130125630321260576,10606334,709410,3716,sctop10,2023-06-21T15:18:45.000Z
3130125630321260576,10606334,709410,3716,backflip,2023-06-21T15:18:45.000Z
3130125630321260576,10606334,709410,3716,viral,2023-06-21T15:18:45.000Z
3816519385674214162,7330,640,8,fitnessmotivation,2026-01-23T16:14:08.000Z
3816519385674214162,7330,640,8,gymrat,2026-01-23T16:14:08.000Z
3816519385674214162,7330,640,8,backworkout,2026-01-23T16:14:08.000Z
3570236990442676642,7893048,1142712,6112,fitness,2025-02-17T20:51:52.000Z
3570236990442676642,7893048,1142712,6112,motivation,2025-02-17T20:51:52.000Z
3570236990442676642,7893048,1142712,6112,gymnotivation,2025-02-17T20:51:52.000Z
3570236990442676642,7893048,1142712,6112,motivating,2025-02-17T20:51:52.000Z
3570236990442676642,7893048,1142712,6112,#zyzz,2025-02-17T20:51:52.000Z
3570236990442676642,7893048,1142712,6112,couplegoals,2025-02-17T20:51:52.000Z
3570236990442676642,7893048,1142712,6112,shredded,2025-02-17T20:51:52.000Z
3570236990442676642,7893048,1142712,6112,elysium,2025-02-17T20:51:52.000Z
3570236990442676642,7893048,1142712,6112,gymrat,2025-02-17T20:51:52.000Z
3570236990442676642,7893048,1142712,6112,fitcheck,2025-02-17T20:51:52.000Z
3570236990442676642,7893048,1142712,6112,gymfit,2025-02-17T20:51:52.000Z
3570236990442676642,7893048,1142712,6112,teenbodybuilding,2025-02-17T20:51:52.000Z
3570236990442676642,7893048,1142712,6112,model,2025-02-17T20:51:52.000Z
3570236990442676642,7893048,1142712,6112,posing,2025-02-17T20:51:52.000Z
3138828617853740659,3405258,441550,1569,challenge,2023-07-03T15:30:48.000Z
3138828617853740659,3405258,441550,1569,backflip,2023-07-03T15:30:48.000Z
3138828617853740659,3405258,441550,1569,insane,2023-07-03T15:30:48.000Z
3138828617853740659,3405258,441550,1569,viral,2023-07-03T15:30:48.000Z
3138828617853740659,3405258,441550,1569,sctop10,2023-07-03T15:30:48.000Z
3820162426680007816,2631,336,8,workout,2026-01-28T16:48:41.000Z
3820162426680007816,2631,336,8,gym,2026-01-28T16:48:41.000Z
3820162426680007816,2631,336,8,fitness,2026-01-28T16:48:41.000Z
3820162426680007816,2631,336,8,bodybuilding,2026-01-28T16:48:41.000Z
3820162426680007816,2631,336,8,health,2026-01-28T16:48:41.000Z
3820096884682022536,1898,380,2,workout,2026-01-28T14:38:45.000Z
3820096884682022536,1898,380,2,gym,2026-01-28T14:38:45.000Z
3820096884682022536,1898,380,2,fitness,2026-01-28T14:38:45.000Z
3820096884682022536,1898,380,2,bodybuilding,2026-01-28T14:38:45.000Z
3820096884682022536,1898,380,2,health,2026-01-28T14:38:45.000Z
3820275745382414949,531,145,23,gym,2026-01-28T20:33:06.000Z
3820275745382414949,531,145,23,fitness,2026-01-28T20:33:06.000Z
3820163492075080686,2085,237,2,workout,2026-01-28T16:50:25.000Z
3820163492075080686,2085,237,2,gym,2026-01-28T16:50:25.000Z
3820163492075080686,2085,237,2,fitness,2026-01-28T16:50:25.000Z
3820163492075080686,2085,237,2,bodybuilding,2026-01-28T16:50:25.000Z
3820163492075080686,2085,237,2,health,2026-01-28T16:50:25.000Z
3819441411763320572,4613,673,34,gym,2026-01-27T16:58:06.000Z
3819441411763320572,4613,673,34,fitness,2026-01-27T16:58:06.000Z
3598376260548572987,97117,42082,130,gym,2025-03-28T16:39:13.000Z
3598376260548572987,97117,42082,130,diet,2025-03-28T16:39:13.000Z
3598376260548572987,97117,42082,130,bodybuiding,2025-03-28T16:39:13.000Z
3598376260548572987,97117,42082,130,fitness,2025-03-28T16:39:13.000Z
3598376260548572987,97117,42082,130,lifting,2025-03-28T16:39:13.000Z
3450108533692413392,810667,69829,577,workout,2024-09-05T02:58:48.000Z
3450108533692413392,810667,69829,577,gym,2024-09-05T02:58:48.000Z
3450108533692413392,810667,69829,577,fitness,2024-09-05T02:58:48.000Z
3450108533692413392,810667,69829,577,bodybuilding,2024-09-05T02:58:48.000Z
3450108533692413392,810667,69829,577,health,2024-09-05T02:58:48.000Z
3450108533692413392,810667,69829,577,nutrition,2024-09-05T02:58:48.000Z
3622275466422198680,17470,7439,60,gym,2025-04-30T16:03:29.000Z
3622275466422198680,17470,7439,60,diet,2025-04-30T16:03:29.000Z
3622275466422198680,17470,7439,60,bodybuiding,2025-04-30T16:03:29.000Z
3622275466422198680,17470,7439,60,fitness,2025-04-30T16:03:29.000Z
3622275466422198680,17470,7439,60,lifting,2025-04-30T16:03:29.000Z
3603406959601248180,23068,7145,61,gym,2025-04-04T15:14:47.000Z
3603406959601248180,23068,7145,61,diet,2025-04-04T15:14:47.000Z
3603406959601248180,23068,7145,61,bodybuiding,2025-04-04T15:14:47.000Z
3603406959601248180,23068,7145,61,fitness,2025-04-04T15:14:47.000Z
3603406959601248180,23068,7145,61,lifting,2025-04-04T15:14:47.000Z
3818975291419454085,4235,651,36,gym,2026-01-27T01:30:04.000Z
3818975291419454085,4235,651,36,fitness,2026-01-27T01:30:04.000Z
3304253260604699846,2487102,381526,1802,reels,2024-02-16T21:14:04.000Z
3304253260604699846,2487102,381526,1802,bodybuilding,2024-02-16T21:14:04.000Z
3304253260604699846,2487102,381526,1802,explore,2024-02-16T21:14:04.000Z
3651293920948750630,1740,2955,45,gym,2025-06-09T16:57:15.000Z
3651293920948750630,1740,2955,45,diet,2025-06-09T16:57:15.000Z
3651293920948750630,1740,2955,45,bodybuiding,2025-06-09T16:57:15.000Z
3651293920948750630,1740,2955,45,fitness,2025-06-09T16:57:15.000Z
3651293920948750630,1740,2955,45,lifting,2025-06-09T16:57:15.000Z
3246088156339694250,3990531,258534,334,fullworkout,2023-11-28T15:05:20.000Z
3246088156339694250,3990531,258534,334,workoutreel,2023-11-28T15:05:20.000Z
3246088156339694250,3990531,258534,334,fitnessreel,2023-11-28T15:05:20.000Z
3246088156339694250,3990531,258534,334,workoutroutine,2023-11-28T15:05:20.000Z
3246088156339694250,3990531,258534,334,workoutoftheday,2023-11-28T15:05:20.000Z
3246088156339694250,3990531,258534,334,onlinecoaching,2023-11-28T15:05:20.000Z
3246088156339694250,3990531,258534,334,onlinefitnesscoach,2023-11-28T15:05:20.000Z
3246088156339694250,3990531,258534,334,personaltrainer,2023-11-28T15:05:20.000Z
3246088156339694250,3990531,258534,334,fitness,2023-11-28T15:05:20.000Z
3246088156339694250,3990531,258534,334,fitnessmotivation,2023-11-28T15:05:20.000Z
3246088156339694250,3990531,258534,334,gymrat,2023-11-28T15:05:20.000Z
3246088156339694250,3990531,258534,334,fitguy,2023-11-28T15:05:20.000Z
3246088156339694250,3990531,258534,334,legexercises,2023-11-28T15:05:20.000Z
3246088156339694250,3990531,258534,334,legworkout,2023-11-28T15:05:20.000Z
3246088156339694250,3990531,258534,334,trendingaudio,2023-11-28T15:05:20.000Z
3722852117703653457,355347,30333,171,workoutprogram,2025-09-16T10:35:39.000Z
3722852117703653457,355347,30333,171,gymprogram,2025-09-16T10:35:39.000Z
3722852117703653457,355347,30333,171,upperlower,2025-09-16T10:35:39.000Z
3722852117703653457,355347,30333,171,gymmotivation,2025-09-16T10:35:39.000Z
3722852117703653457,355347,30333,171,asianboy,2025-09-16T10:35:39.000Z
3722852117703653457,355347,30333,171,workoutmotivation,2025-09-16T10:35:39.000Z
3722852117703653457,355347,30333,171,trainingprogram,2025-09-16T10:35:39.000Z
3582544100530473051,8420033,332840,1212,hair,2025-03-06T20:24:14.000Z
3582544100530473051,8420033,332840,1212,beard,2025-03-06T20:24:14.000Z
3582544100530473051,8420033,332840,1212,buzzcut,2025-03-06T20:24:14.000Z
3582544100530473051,8420033,332840,1212,hairstyles,2025-03-06T20:24:14.000Z
3582544100530473051,8420033,332840,1212,relatable,2025-03-06T20:24:14.000Z
3582544100530473051,8420033,332840,1212,bearded,2025-03-06T20:24:14.000Z
3582544100530473051,8420033,332840,1212,explore,2025-03-06T20:24:14.000Z
3582544100530473051,8420033,332840,1212,explorepage,2025-03-06T20:24:14.000Z
3582544100530473051,8420033,332840,1212,reels,2025-03-06T20:24:14.000Z
3582544100530473051,8420033,332840,1212,reelsinstagram,2025-03-06T20:24:14.000Z
3599828609487253895,1392944,173283,2946,relatable,2025-03-30T16:44:40.000Z
3599828609487253895,1392944,173283,2946,relationships,2025-03-30T16:44:40.000Z
3599828609487253895,1392944,173283,2946,selflove,2025-03-30T16:44:40.000Z
3599828609487253895,1392944,173283,2946,hopecore,2025-03-30T16:44:40.000Z
3599828609487253895,1392944,173283,2946,healthylifestyle,2025-03-30T16:44:40.000Z
3820179119724891467,90786,9974,85,relatable,2026-01-28T17:21:51.000Z
3820179119724891467,90786,9974,85,relationships,2026-01-28T17:21:51.000Z
3820179119724891467,90786,9974,85,motivation,2026-01-28T17:21:51.000Z
3820179119724891467,90786,9974,85,healthy,2026-01-28T17:21:51.000Z
3820048961847825223,604,37,0,reels,2026-01-28T13:03:55.000Z
3820048961847825223,604,37,0,foryou,2026-01-28T13:03:55.000Z
3820048961847825223,604,37,0,fitnessmotivation,2026-01-28T13:03:55.000Z
3820048961847825223,604,37,0,training,2026-01-28T13:03:55.000Z
3820048961847825223,604,37,0,nattytransformation,2026-01-28T13:03:55.000Z
3820319760962363759,16408,2708,56,grwm,2026-01-28T22:01:01.000Z
3820319760962363759,16408,2708,56,suit,2026-01-28T22:01:01.000Z
3820319760962363759,16408,2708,56,photoshoot,2026-01-28T22:01:01.000Z
3820092646530620128,194,9,0,reels,2026-01-28T14:30:08.000Z
3820092646530620128,194,9,0,fitness,2026-01-28T14:30:08.000Z
3820092646530620128,194,9,0,workout,2026-01-28T14:30:08.000Z
3820092646530620128,194,9,0,training,2026-01-28T14:30:08.000Z
3820092646530620128,194,9,0,motivation,2026-01-28T14:30:08.000Z
3812211224960636248,38840,5391,87,outfitideas,2026-01-17T17:32:41.000Z
3820093180197130182,14,1,0,reels,2026-01-28T14:30:55.000Z
3820093180197130182,14,1,0,fitness,2026-01-28T14:30:55.000Z
3820093180197130182,14,1,0,triceps,2026-01-28T14:30:55.000Z
3820093180197130182,14,1,0,workout,2026-01-28T14:30:55.000Z
3820093180197130182,14,1,0,training,2026-01-28T14:30:55.000Z
3817796582783854052,3527,370,5,americanfootball,2026-01-25T10:29:18.000Z
3817796582783854052,3527,370,5,gym,2026-01-25T10:29:18.000Z
3817796582783854052,3527,370,5,getbettertoday,2026-01-25T10:29:18.000Z
3817796582783854052,3527,370,5,trackandfield,2026-01-25T10:29:18.000Z
3817796582783854052,3527,370,5,track,2026-01-25T10:29:18.000Z
3817796582783854052,3527,370,5,widereciever,2026-01-25T10:29:18.000Z
3817796582783854052,3527,370,5,fyp,2026-01-25T10:29:18.000Z
3817796582783854052,3527,370,5,trend,2026-01-25T10:29:18.000Z
3817796582783854052,3527,370,5,performance,2026-01-25T10:29:18.000Z
3817796582783854052,3527,370,5,weightlifting,2026-01-25T10:29:18.000Z
3819992285744498686,4398,288,3,gym,2026-01-28T11:12:36.000Z
3819992285744498686,4398,288,3,americanfootball,2026-01-28T11:12:36.000Z
3819992285744498686,4398,288,3,getbettertoday,2026-01-28T11:12:36.000Z
3819992285744498686,4398,288,3,trackandfield,2026-01-28T11:12:36.000Z
3819992285744498686,4398,288,3,track,2026-01-28T11:12:36.000Z
3819992285744498686,4398,288,3,widereciever,2026-01-28T11:12:36.000Z
3819992285744498686,4398,288,3,fyp,2026-01-28T11:12:36.000Z
3819992285744498686,4398,288,3,trend,2026-01-28T11:12:36.000Z
3819992285744498686,4398,288,3,performance,2026-01-28T11:12:36.000Z
3819992285744498686,4398,288,3,weightlifting,2026-01-28T11:12:36.000Z
3814864582733247863,10787,817,8,americanfootball,2026-01-21T09:24:31.000Z
3814864582733247863,10787,817,8,gym,2026-01-21T09:24:31.000Z
3814864582733247863,10787,817,8,getbettertoday,2026-01-21T09:24:31.000Z
3814864582733247863,10787,817,8,trackandfield,2026-01-21T09:24:31.000Z
3814864582733247863,10787,817,8,track,2026-01-21T09:24:31.000Z
3814864582733247863,10787,817,8,widereciever,2026-01-21T09:24:31.000Z
3814864582733247863,10787,817,8,fyp,2026-01-21T09:24:31.000Z
3814864582733247863,10787,817,8,trend,2026-01-21T09:24:31.000Z
3814864582733247863,10787,817,8,performance,2026-01-21T09:24:31.000Z
3814864582733247863,10787,817,8,weightlifting,2026-01-21T09:24:31.000Z
3816602377336185467,5141,331,6,americanfootball,2026-01-23T18:56:10.000Z
3816602377336185467,5141,331,6,gym,2026-01-23T18:56:10.000Z
3816602377336185467,5141,331,6,getbettertoday,2026-01-23T18:56:10.000Z
3816602377336185467,5141,331,6,trackandfield,2026-01-23T18:56:10.000Z
3816602377336185467,5141,331,6,track,2026-01-23T18:56:10.000Z
3816602377336185467,5141,331,6,widereciever,2026-01-23T18:56:10.000Z
3816602377336185467,5141,331,6,fyp,2026-01-23T18:56:10.000Z
3816602377336185467,5141,331,6,trend,2026-01-23T18:56:10.000Z
3816602377336185467,5141,331,6,performance,2026-01-23T18:56:10.000Z
3816602377336185467,5141,331,6,weightlifting,2026-01-23T18:56:10.000Z
3815702949150600059,7377,360,11,americanfootball,2026-01-22T13:10:28.000Z
3815702949150600059,7377,360,11,gym,2026-01-22T13:10:28.000Z
3815702949150600059,7377,360,11,getbettertoday,2026-01-22T13:10:28.000Z
3815702949150600059,7377,360,11,trackandfield,2026-01-22T13:10:28.000Z
3815702949150600059,7377,360,11,widereciever,2026-01-22T13:10:28.000Z
3815702949150600059,7377,360,11,track,2026-01-22T13:10:28.000Z
3815702949150600059,7377,360,11,trend,2026-01-22T13:10:28.000Z
3815702949150600059,7377,360,11,fyp,2026-01-22T13:10:28.000Z
3815702949150600059,7377,360,11,performance,2026-01-22T13:10:28.000Z
3815702949150600059,7377,360,11,weightlifting,2026-01-22T13:10:28.000Z
3818480871536163555,37998,9006,51,gym,2026-01-26T09:08:05.000Z
3818480871536163555,37998,9006,51,gymworkout,2026-01-26T09:08:05.000Z
3818480871536163555,37998,9006,51,upperbodyworkout,2026-01-26T09:08:05.000Z
3818480871536163555,37998,9006,51,asian,2026-01-26T09:08:05.000Z
3149683895444161669,356019,32933,269,mensfashion,2023-07-18T14:48:46.000Z
3149683895444161669,356019,32933,269,mensstyle,2023-07-18T14:48:46.000Z
3149683895444161669,356019,32933,269,cars,2023-07-18T14:48:46.000Z
3149683895444161669,356019,32933,269,bmw,2023-07-18T14:48:46.000Z
3149683895444161669,356019,32933,269,bmwm340i,2023-07-18T14:48:46.000Z
3149683895444161669,356019,32933,269,g20,2023-07-18T14:48:46.000Z
3149683895444161669,356019,32933,269,streetstyle,2023-07-18T14:48:46.000Z
3817974697618856044,26545,3068,48,outfitidea,2026-01-25T16:21:59.000Z
3807115588326747967,55134,4383,46,solaraypartner,2026-01-10T16:49:48.000Z
3807115588326747967,55134,4383,46,1,2026-01-10T16:49:48.000Z
3810782702605549118,29017,2180,12,dovemenpartner,2026-01-15T18:12:09.000Z
3810782702605549118,29017,2180,12,dovemencare,2026-01-15T18:12:09.000Z
3819415614729658925,7803,275,4,reels,2026-01-27T16:04:22.000Z
3819415614729658925,7803,275,4,foryou,2026-01-27T16:04:22.000Z
3819415614729658925,7803,275,4,training,2026-01-27T16:04:22.000Z
3819415614729658925,7803,275,4,fitnessmotivation,2026-01-27T16:04:22.000Z
3819415614729658925,7803,275,4,motivation,2026-01-27T16:04:22.000Z
3816009861750125858,49750,3575,33,hbada,2026-01-22T23:19:16.000Z
3816009861750125858,49750,3575,33,hbadae3,2026-01-22T23:19:16.000Z
3816009861750125858,49750,3575,33,officechair,2026-01-22T23:19:16.000Z
3816009861750125858,49750,3575,33,bestchair,2026-01-22T23:19:16.000Z
3816009861750125858,49750,3575,33,ergonomicchair,2026-01-22T23:19:16.000Z
3820051382120650209,20,2,0,reels,2026-01-28T13:08:28.000Z
3820051382120650209,20,2,0,foryou,2026-01-28T13:08:28.000Z
3820051382120650209,20,2,0,relationships,2026-01-28T13:08:28.000Z
3820051382120650209,20,2,0,dating,2026-01-28T13:08:28.000Z
3820051382120650209,20,2,0,mindset,2026-01-28T13:08:28.000Z
3810322857460809809,13840,1295,32,gymcouples,2026-01-15T02:59:04.000Z
3810322857460809809,13840,1295,32,hotcouples,2026-01-15T02:59:04.000Z
3810322857460809809,13840,1295,32,gymrat,2026-01-15T02:59:04.000Z
3807572152837302515,59272,7940,59,upperbodyworkout,2026-01-11T07:54:08.000Z
3807572152837302515,59272,7940,59,gym,2026-01-11T07:54:08.000Z
3810429402463439126,104646,10616,94,gymtransformation,2026-01-15T06:35:50.000Z
3808285873825995930,52098,6398,56,gymtips,2026-01-12T07:32:03.000Z
3808285873825995930,52098,6398,56,gym,2026-01-12T07:32:03.000Z
3819327721914941111,63839,2695,57,reels,2026-01-27T13:10:03.000Z
3819327721914941111,63839,2695,57,foryou,2026-01-27T13:10:03.000Z
3819327721914941111,63839,2695,57,motivation,2026-01-27T13:10:03.000Z
3819327721914941111,63839,2695,57,fitness,2026-01-27T13:10:03.000Z
3819327721914941111,63839,2695,57,gym,2026-01-27T13:10:03.000Z
3812330020333903674,7665,921,41,gym,2026-01-17T21:28:25.000Z
3812330020333903674,7665,921,41,fitness,2026-01-17T21:28:25.000Z
3818749509862753191,27170,3995,21,relatable,2026-01-26T18:01:12.000Z
3818749509862753191,27170,3995,21,fitnesscoach,2026-01-26T18:01:12.000Z
3818749509862753191,27170,3995,21,gymmotivation,2026-01-26T18:01:12.000Z
3818749509862753191,27170,3995,21,workout,2026-01-26T18:01:12.000Z
3818763007065921605,36829,5141,38,relatable,2026-01-26T18:27:58.000Z
3818763007065921605,36829,5141,38,reels,2026-01-26T18:27:58.000Z
3818763007065921605,36829,5141,38,explore,2026-01-26T18:27:58.000Z
3818763007065921605,36829,5141,38,motivation,2026-01-26T18:27:58.000Z
3819398115439069310,12349,274,0,reels,2026-01-27T15:29:57.000Z
3819398115439069310,12349,274,0,foryou,2026-01-27T15:29:57.000Z
3819398115439069310,12349,274,0,training,2026-01-27T15:29:57.000Z
3819398115439069310,12349,274,0,fitnessmotivation,2026-01-27T15:29:57.000Z
3819398115439069310,12349,274,0,motivation,2026-01-27T15:29:57.000Z
3819328235121592203,9931,381,3,reels,2026-01-27T13:10:55.000Z
3819328235121592203,9931,381,3,foryou,2026-01-27T13:10:55.000Z
3819328235121592203,9931,381,3,fitnessmotivation,2026-01-27T13:10:55.000Z
3819328235121592203,9931,381,3,workout,2026-01-27T13:10:55.000Z
3819328235121592203,9931,381,3,training,2026-01-27T13:10:55.000Z
3818579867437037519,2143,112,0,reels,2026-01-26T12:24:14.000Z
3818579867437037519,2143,112,0,motivation,2026-01-26T12:24:14.000Z
3818579867437037519,2143,112,0,fitnessmotivation,2026-01-26T12:24:14.000Z
3818579867437037519,2143,112,0,training,2026-01-26T12:24:14.000Z
3818579867437037519,2143,112,0,abs,2026-01-26T12:24:14.000Z
3819326993230084405,7578,239,0,reels,2026-01-27T13:09:09.000Z
3819326993230084405,7578,239,0,foryou,2026-01-27T13:09:09.000Z
3819326993230084405,7578,239,0,motivation,2026-01-27T13:09:09.000Z
3819326993230084405,7578,239,0,fitnessmotivation,2026-01-27T13:09:09.000Z
3819326993230084405,7578,239,0,mentality,2026-01-27T13:09:09.000Z
3818876769861178632,54192,7523,78,relatable,2026-01-26T22:13:55.000Z
3818876769861178632,54192,7523,78,explore,2026-01-26T22:13:55.000Z
3818876769861178632,54192,7523,78,motivation,2026-01-26T22:13:55.000Z
3818706689642614780,148825,19054,58,reels,2026-01-26T16:36:49.000Z
3818706689642614780,148825,19054,58,foryou,2026-01-26T16:36:49.000Z
3818706689642614780,148825,19054,58,motivation,2026-01-26T16:36:49.000Z
3818706689642614780,148825,19054,58,fitnessmotivation,2026-01-26T16:36:49.000Z
3818706689642614780,148825,19054,58,fitness,2026-01-26T16:36:49.000Z
3811921314290710195,37098,4621,36,highprotein,2026-01-17T07:56:04.000Z
3811921314290710195,37098,4621,36,highproteinmeals,2026-01-17T07:56:04.000Z
3812684635004582656,79473,8057,68,upperbodyworkout,2026-01-18T09:11:37.000Z
3819596227365591487,34213,8211,109,workout,2026-01-27T22:03:33.000Z
3819596227365591487,34213,8211,109,gym,2026-01-27T22:03:33.000Z
3819596227365591487,34213,8211,109,fitness,2026-01-27T22:03:33.000Z
3819596227365591487,34213,8211,109,bodybuilding,2026-01-27T22:03:33.000Z
3819596227365591487,34213,8211,109,health,2026-01-27T22:03:33.000Z
3805658031565498074,76744,7676,57,health,2026-01-08T16:30:00.000Z
3805658031565498074,76744,7676,57,tech,2026-01-08T16:30:00.000Z
3813401897420279744,36211,4623,22,gym,2026-01-19T08:56:24.000Z
3813401897420279744,36211,4623,22,gymtips,2026-01-19T08:56:24.000Z
3819585099659173055,6035,454,6,workout,2026-01-27T21:41:23.000Z
3819585099659173055,6035,454,6,gym,2026-01-27T21:41:23.000Z
3819585099659173055,6035,454,6,fitness,2026-01-27T21:41:23.000Z
3819585099659173055,6035,454,6,bodybuilding,2026-01-27T21:41:23.000Z
3819585099659173055,6035,454,6,health,2026-01-27T21:41:23.000Z
3796273838309720626,23471,1937,10,uberpartner,2025-12-26T17:47:31.000Z
3819799890772161509,18896,1908,22,workout,2026-01-28T04:48:08.000Z
3819799890772161509,18896,1908,22,gym,2026-01-28T04:48:08.000Z
3819799890772161509,18896,1908,22,fitness,2026-01-28T04:48:08.000Z
3819799890772161509,18896,1908,22,bodybuilding,2026-01-28T04:48:08.000Z
3819799890772161509,18896,1908,22,health,2026-01-28T04:48:08.000Z
3803506637844106972,65814,5102,78,fashion,2026-01-05T17:16:46.000Z
3805575624312839464,797465,106100,518,fitness,2026-01-08T13:47:47.000Z
3805575624312839464,797465,106100,518,gym,2026-01-08T13:47:47.000Z
3805575624312839464,797465,106100,518,workout,2026-01-08T13:47:47.000Z
3128602712871393022,55569174,7616960,47934,gym,2023-06-19T12:43:53.000Z
3128602712871393022,55569174,7616960,47934,workout,2023-06-19T12:43:53.000Z
3128602712871393022,55569174,7616960,47934,fitness,2023-06-19T12:43:53.000Z
3128602712871393022,55569174,7616960,47934,protein,2023-06-19T12:43:53.000Z
3753291372284812537,14614,4357,66,gym,2025-10-28T10:27:20.000Z
3753291372284812537,14614,4357,66,gymmotivation,2025-10-28T10:27:20.000Z
3753291372284812537,14614,4357,66,mindset,2025-10-28T10:27:20.000Z
3753291372284812537,14614,4357,66,motivation,2025-10-28T10:27:20.000Z
3753291372284812537,14614,4357,66,fitness,2025-10-28T10:27:20.000Z
3753291372284812537,14614,4357,66,fitnessmotivation,2025-10-28T10:27:20.000Z
3753291372284812537,14614,4357,66,quotes,2025-10-28T10:27:20.000Z
3753291372284812537,14614,4357,66,believeinyourself,2025-10-28T10:27:20.000Z
3753291372284812537,14614,4357,66,inspiration,2025-10-28T10:27:20.000Z
3753291372284812537,14614,4357,66,relatable,2025-10-28T10:27:20.000Z
3749684338146653547,88099,30727,143,gym,2025-10-23T11:00:48.000Z
3749684338146653547,88099,30727,143,god,2025-10-23T11:00:48.000Z
3749684338146653547,88099,30727,143,godsplan,2025-10-23T11:00:48.000Z
3749684338146653547,88099,30727,143,gymmotivation,2025-10-23T11:00:48.000Z
3749684338146653547,88099,30727,143,motivation,2025-10-23T11:00:48.000Z
3749684338146653547,88099,30727,143,fitnessmotivation,2025-10-23T11:00:48.000Z
3749684338146653547,88099,30727,143,fitness,2025-10-23T11:00:48.000Z
3749684338146653547,88099,30727,143,relatable,2025-10-23T11:00:48.000Z
3749684338146653547,88099,30727,143,dontgiveup,2025-10-23T11:00:48.000Z
3749684338146653547,88099,30727,143,quotes,2025-10-23T11:00:48.000Z
3749684338146653547,88099,30727,143,mindset,2025-10-23T11:00:48.000Z
3749684338146653547,88099,30727,143,inspiration,2025-10-23T11:00:48.000Z
3813099237214792114,371380,13027,204,sales,2026-01-18T22:54:52.000Z
3813099237214792114,371380,13027,204,salestips,2026-01-18T22:54:52.000Z
3813099237214792114,371380,13027,204,salescoach,2026-01-18T22:54:52.000Z
3813099237214792114,371380,13027,204,salestrainer,2026-01-18T22:54:52.000Z
3813099237214792114,371380,13027,204,salestraining,2026-01-18T22:54:52.000Z
3766370076753892274,30299,9910,64,gym,2025-11-15T11:37:05.000Z
3766370076753892274,30299,9910,64,gymmotivation,2025-11-15T11:37:05.000Z
3766370076753892274,30299,9910,64,quotes,2025-11-15T11:37:05.000Z
3766370076753892274,30299,9910,64,motivation,2025-11-15T11:37:05.000Z
3766370076753892274,30299,9910,64,fitness,2025-11-15T11:37:05.000Z
3766370076753892274,30299,9910,64,fitnessmotivation,2025-11-15T11:37:05.000Z
3766370076753892274,30299,9910,64,relatable,2025-11-15T11:37:05.000Z
3766370076753892274,30299,9910,64,ready,2025-11-15T11:37:05.000Z
3766370076753892274,30299,9910,64,mindset,2025-11-15T11:37:05.000Z
3766370076753892274,30299,9910,64,inspiration,2025-11-15T11:37:05.000Z
3759131549930588276,4890,956,42,gym,2025-11-05T11:52:28.000Z
3759131549930588276,4890,956,42,gymmotivation,2025-11-05T11:52:28.000Z
3759131549930588276,4890,956,42,motivation,2025-11-05T11:52:28.000Z
3759131549930588276,4890,956,42,fitness,2025-11-05T11:52:28.000Z
3759131549930588276,4890,956,42,fitnessmotivation,2025-11-05T11:52:28.000Z
3759131549930588276,4890,956,42,bodybuilding,2025-11-05T11:52:28.000Z
3759131549930588276,4890,956,42,workout,2025-11-05T11:52:28.000Z
3759131549930588276,4890,956,42,workoutmotivation,2025-11-05T11:52:28.000Z
3759131549930588276,4890,956,42,pain,2025-11-05T11:52:28.000Z
3754801313143272242,128567,36301,84,gym,2025-10-30T12:27:44.000Z
3754801313143272242,128567,36301,84,gymmotivation,2025-10-30T12:27:44.000Z
3754801313143272242,128567,36301,84,motivation,2025-10-30T12:27:44.000Z
3754801313143272242,128567,36301,84,comback,2025-10-30T12:27:44.000Z
3754801313143272242,128567,36301,84,fitness,2025-10-30T12:27:44.000Z
3754801313143272242,128567,36301,84,fitnessmotivation,2025-10-30T12:27:44.000Z
3754801313143272242,128567,36301,84,relatable,2025-10-30T12:27:44.000Z
3754801313143272242,128567,36301,84,mindset,2025-10-30T12:27:44.000Z
3754801313143272242,128567,36301,84,quotes,2025-10-30T12:27:44.000Z
3754801313143272242,128567,36301,84,inspiration,2025-10-30T12:27:44.000Z
3764162268293705172,16080,5179,69,gym,2025-11-12T10:50:45.000Z
3764162268293705172,16080,5179,69,gymmotivation,2025-11-12T10:50:45.000Z
3764162268293705172,16080,5179,69,pain,2025-11-12T10:50:45.000Z
3764162268293705172,16080,5179,69,motivation,2025-11-12T10:50:45.000Z
3764162268293705172,16080,5179,69,mindset,2025-11-12T10:50:45.000Z
3764162268293705172,16080,5179,69,fitness,2025-11-12T10:50:45.000Z
3764162268293705172,16080,5179,69,fitnessmotivation,2025-11-12T10:50:45.000Z
3764162268293705172,16080,5179,69,quotes,2025-11-12T10:50:45.000Z
3764162268293705172,16080,5179,69,inspiration,2025-11-12T10:50:45.000Z
3809971113548096022,2675,217,3,americanfootball,2026-01-14T15:24:14.000Z
3809971113548096022,2675,217,3,gym,2026-01-14T15:24:14.000Z
3809971113548096022,2675,217,3,getbettertoday,2026-01-14T15:24:14.000Z
3809971113548096022,2675,217,3,trackandfield,2026-01-14T15:24:14.000Z
3809971113548096022,2675,217,3,track,2026-01-14T15:24:14.000Z
3809971113548096022,2675,217,3,widereciever,2026-01-14T15:24:14.000Z
3809971113548096022,2675,217,3,fyp,2026-01-14T15:24:14.000Z
3809971113548096022,2675,217,3,trend,2026-01-14T15:24:14.000Z
3809971113548096022,2675,217,3,performance,2026-01-14T15:24:14.000Z
3809971113548096022,2675,217,3,bench,2026-01-14T15:24:14.000Z
3809971113548096022,2675,217,3,weightlifting,2026-01-14T15:24:14.000Z
3587516476200278518,32063,7522,47,gym,2025-03-13T17:03:17.000Z
3587516476200278518,32063,7522,47,aesthetics,2025-03-13T17:03:17.000Z
3587516476200278518,32063,7522,47,fitness,2025-03-13T17:03:17.000Z
3587516476200278518,32063,7522,47,workout,2025-03-13T17:03:17.000Z
3587516476200278518,32063,7522,47,gains,2025-03-13T17:03:17.000Z
3587516476200278518,32063,7522,47,healthylifestyle,2025-03-13T17:03:17.000Z
3587516476200278518,32063,7522,47,health,2025-03-13T17:03:17.000Z
3587516476200278518,32063,7522,47,bodybuilding,2025-03-13T17:03:17.000Z
3587516476200278518,32063,7522,47,motivation,2025-03-13T17:03:17.000Z
3587516476200278518,32063,7522,47,dedication,2025-03-13T17:03:17.000Z
3587516476200278518,32063,7522,47,gymmotivation,2025-03-13T17:03:17.000Z
3587516476200278518,32063,7522,47,gymlife,2025-03-13T17:03:17.000Z
3587516476200278518,32063,7522,47,competition,2025-03-13T17:03:17.000Z
3587516476200278518,32063,7522,47,trusttheprocess,2025-03-13T17:03:17.000Z
3587516476200278518,32063,7522,47,muscle,2025-03-13T17:03:17.000Z
3587516476200278518,32063,7522,47,mindset,2025-03-13T17:03:17.000Z
3587516476200278518,32063,7522,47,leangains,2025-03-13T17:03:17.000Z
3587516476200278518,32063,7522,47,shredded,2025-03-13T17:03:17.000Z
3587516476200278518,32063,7522,47,legday,2025-03-13T17:03:17.000Z
3587516476200278518,32063,7522,47,transformation,2025-03-13T17:03:17.000Z
3587516476200278518,32063,7522,47,roadtonpc,2025-03-13T17:03:17.000Z
3587516476200278518,32063,7522,47,roadtoifbbpro,2025-03-13T17:03:17.000Z
3813097074599255661,1553210,65302,712,sales,2026-01-18T22:51:00.000Z
3813097074599255661,1553210,65302,712,money,2026-01-18T22:51:00.000Z
3813097074599255661,1553210,65302,712,lifeinsurance,2026-01-18T22:51:00.000Z
3554196174359327495,31112,8626,85,gym,2025-01-26T17:41:43.000Z
3554196174359327495,31112,8626,85,aesthetics,2025-01-26T17:41:43.000Z
3554196174359327495,31112,8626,85,fitness,2025-01-26T17:41:43.000Z
3554196174359327495,31112,8626,85,workout,2025-01-26T17:41:43.000Z
3554196174359327495,31112,8626,85,bodybuilding,2025-01-26T17:41:43.000Z
3554196174359327495,31112,8626,85,motivation,2025-01-26T17:41:43.000Z
3554196174359327495,31112,8626,85,health,2025-01-26T17:41:43.000Z
3554196174359327495,31112,8626,85,dedication,2025-01-26T17:41:43.000Z
3554196174359327495,31112,8626,85,gymmotivation,2025-01-26T17:41:43.000Z
3554196174359327495,31112,8626,85,gymlife,2025-01-26T17:41:43.000Z
3554196174359327495,31112,8626,85,muscle,2025-01-26T17:41:43.000Z
3554196174359327495,31112,8626,85,mindset,2025-01-26T17:41:43.000Z
3554196174359327495,31112,8626,85,leanmuscle,2025-01-26T17:41:43.000Z
3554196174359327495,31112,8626,85,leangains,2025-01-26T17:41:43.000Z
3554196174359327495,31112,8626,85,shredded,2025-01-26T17:41:43.000Z
3554196174359327495,31112,8626,85,transformation,2025-01-26T17:41:43.000Z
3554196174359327495,31112,8626,85,roadtopro,2025-01-26T17:41:43.000Z
3554196174359327495,31112,8626,85,competition,2025-01-26T17:41:43.000Z
3554196174359327495,31112,8626,85,natural,2025-01-26T17:41:43.000Z
3554196174359327495,31112,8626,85,gymreels,2025-01-26T17:41:43.000Z
3554196174359327495,31112,8626,85,reels,2025-01-26T17:41:43.000Z
3591136196874249649,25523,7129,66,fitness,2025-03-18T17:02:36.000Z
3591136196874249649,25523,7129,66,fitnessmotivation,2025-03-18T17:02:36.000Z
3591136196874249649,25523,7129,66,asthetic,2025-03-18T17:02:36.000Z
3591136196874249649,25523,7129,66,physique,2025-03-18T17:02:36.000Z
3591136196874249649,25523,7129,66,bodybuiding,2025-03-18T17:02:36.000Z
3591136196874249649,25523,7129,66,gym,2025-03-18T17:02:36.000Z
3591136196874249649,25523,7129,66,motivation,2025-03-18T17:02:36.000Z
3591136196874249649,25523,7129,66,bodybuilder,2025-03-18T17:02:36.000Z
3591136196874249649,25523,7129,66,explorepage,2025-03-18T17:02:36.000Z
3591136196874249649,25523,7129,66,workout,2025-03-18T17:02:36.000Z
3591136196874249649,25523,7129,66,workoutmotivation,2025-03-18T17:02:36.000Z
3591136196874249649,25523,7129,66,weightlifting,2025-03-18T17:02:36.000Z
3591136196874249649,25523,7129,66,powerlifting,2025-03-18T17:02:36.000Z
3802034230202094480,53636,6251,44,desksetup,2026-01-03T16:30:00.000Z
3813496428819969292,1663,179,20,americanfootball,2026-01-19T12:20:44.000Z
3813496428819969292,1663,179,20,gym,2026-01-19T12:20:44.000Z
3813496428819969292,1663,179,20,getbettertoday,2026-01-19T12:20:44.000Z
3813496428819969292,1663,179,20,trackandfield,2026-01-19T12:20:44.000Z
3813496428819969292,1663,179,20,track,2026-01-19T12:20:44.000Z
3813496428819969292,1663,179,20,widereciever,2026-01-19T12:20:44.000Z
3813496428819969292,1663,179,20,fyp,2026-01-19T12:20:44.000Z
3813496428819969292,1663,179,20,performance,2026-01-19T12:20:44.000Z
3813496428819969292,1663,179,20,trend,2026-01-19T12:20:44.000Z
3813496428819969292,1663,179,20,speed,2026-01-19T12:20:44.000Z
3813496428819969292,1663,179,20,weightlifting,2026-01-19T12:20:44.000Z
3407977341467876690,10432791,668023,23383,gym,2024-07-08T23:50:01.000Z
3407977341467876690,10432791,668023,23383,gymmotivation,2024-07-08T23:50:01.000Z
3407977341467876690,10432791,668023,23383,17,2024-07-08T23:50:01.000Z
3407977341467876690,10432791,668023,23383,17yearsold,2024-07-08T23:50:01.000Z
3407977341467876690,10432791,668023,23383,zyzz,2024-07-08T23:50:01.000Z
3407977341467876690,10432791,668023,23383,zyzzmotivation,2024-07-08T23:50:01.000Z
3407977341467876690,10432791,668023,23383,workout,2024-07-08T23:50:01.000Z
3407977341467876690,10432791,668023,23383,workoutmotivation,2024-07-08T23:50:01.000Z
3814141583314913976,4065,525,11,americanfootball,2026-01-20T09:31:35.000Z
3814141583314913976,4065,525,11,gym,2026-01-20T09:31:35.000Z
3814141583314913976,4065,525,11,getbettertoday,2026-01-20T09:31:35.000Z
3814141583314913976,4065,525,11,trackandfield,2026-01-20T09:31:35.000Z
3814141583314913976,4065,525,11,track,2026-01-20T09:31:35.000Z
3814141583314913976,4065,525,11,widereciever,2026-01-20T09:31:35.000Z
3814141583314913976,4065,525,11,fyp,2026-01-20T09:31:35.000Z
3814141583314913976,4065,525,11,trend,2026-01-20T09:31:35.000Z
3814141583314913976,4065,525,11,performance,2026-01-20T09:31:35.000Z
3814141583314913976,4065,525,11,weightlifting,2026-01-20T09:31:35.000Z
3814141583314913976,4065,525,11,powerclean,2026-01-20T09:31:35.000Z
3812051897847124840,12297,1117,16,1,2026-01-17T12:16:25.000Z
3812051897847124840,12297,1117,16,americanfootball,2026-01-17T12:16:25.000Z
3812051897847124840,12297,1117,16,gym,2026-01-17T12:16:25.000Z
3812051897847124840,12297,1117,16,getbettertoday,2026-01-17T12:16:25.000Z
3812051897847124840,12297,1117,16,trackandfield,2026-01-17T12:16:25.000Z
3812051897847124840,12297,1117,16,track,2026-01-17T12:16:25.000Z
3812051897847124840,12297,1117,16,widereciever,2026-01-17T12:16:25.000Z
3812051897847124840,12297,1117,16,fyp,2026-01-17T12:16:25.000Z
3812051897847124840,12297,1117,16,trend,2026-01-17T12:16:25.000Z
3812051897847124840,12297,1117,16,performance,2026-01-17T12:16:25.000Z
3812051897847124840,12297,1117,16,weightlifting,2026-01-17T12:16:25.000Z
3810595642569972215,2703,244,3,americanfootball,2026-01-15T12:03:47.000Z
3810595642569972215,2703,244,3,gym,2026-01-15T12:03:47.000Z
3810595642569972215,2703,244,3,getbettertoday,2026-01-15T12:03:47.000Z
3810595642569972215,2703,244,3,trackandfield,2026-01-15T12:03:47.000Z
3810595642569972215,2703,244,3,track,2026-01-15T12:03:47.000Z
3810595642569972215,2703,244,3,widereciever,2026-01-15T12:03:47.000Z
3810595642569972215,2703,244,3,fyp,2026-01-15T12:03:47.000Z
3810595642569972215,2703,244,3,trend,2026-01-15T12:03:47.000Z
3810595642569972215,2703,244,3,performance,2026-01-15T12:03:47.000Z
3810595642569972215,2703,244,3,weightlifting,2026-01-15T12:03:47.000Z
3784490390624873132,2489,1658,45,gym,2025-12-10T11:34:59.000Z
3784490390624873132,2489,1658,45,motivation,2025-12-10T11:34:59.000Z
3784490390624873132,2489,1658,45,gymmotivation,2025-12-10T11:34:59.000Z
3784490390624873132,2489,1658,45,mindset,2025-12-10T11:34:59.000Z
3784490390624873132,2489,1658,45,keepfighting,2025-12-10T11:34:59.000Z
3784490390624873132,2489,1658,45,relatable,2025-12-10T11:34:59.000Z
3784490390624873132,2489,1658,45,fitness,2025-12-10T11:34:59.000Z
3784490390624873132,2489,1658,45,fitnessmotivation,2025-12-10T11:34:59.000Z
3784490390624873132,2489,1658,45,quotes,2025-12-10T11:34:59.000Z
3784490390624873132,2489,1658,45,reel,2025-12-10T11:34:59.000Z
3784490390624873132,2489,1658,45,inspiration,2025-12-10T11:34:59.000Z
3811393011653846717,2686,259,2,americanfootball,2026-01-16T14:29:36.000Z
3811393011653846717,2686,259,2,gym,2026-01-16T14:29:36.000Z
3811393011653846717,2686,259,2,getbettertoday,2026-01-16T14:29:36.000Z
3811393011653846717,2686,259,2,trackandfield,2026-01-16T14:29:36.000Z
3811393011653846717,2686,259,2,track,2026-01-16T14:29:36.000Z
3811393011653846717,2686,259,2,widereciever,2026-01-16T14:29:36.000Z
3811393011653846717,2686,259,2,fyp,2026-01-16T14:29:36.000Z
3811393011653846717,2686,259,2,trend,2026-01-16T14:29:36.000Z
3811393011653846717,2686,259,2,performance,2026-01-16T14:29:36.000Z
3811393011653846717,2686,259,2,weightlifting,2026-01-16T14:29:36.000Z
3316754106733210953,16986,3305,27,gymshark,2024-03-05T03:11:44.000Z
3316754106733210953,16986,3305,27,bodybuilding,2024-03-05T03:11:44.000Z
3316754106733210953,16986,3305,27,fitnessmotivation,2024-03-05T03:11:44.000Z
3331095821663218980,97978,14601,56,fitness,2024-03-24T22:02:10.000Z
3331095821663218980,97978,14601,56,fitnesstips,2024-03-24T22:02:10.000Z
3331095821663218980,97978,14601,56,workout,2024-03-24T22:02:10.000Z
3331095821663218980,97978,14601,56,legday,2024-03-24T22:02:10.000Z
3331095821663218980,97978,14601,56,legworkout,2024-03-24T22:02:10.000Z
3335559935043527544,79840,19348,48,fitness,2024-03-31T01:50:32.000Z
3335559935043527544,79840,19348,48,gym,2024-03-31T01:50:32.000Z
3335559935043527544,79840,19348,48,gymshark,2024-03-31T01:50:32.000Z
3335559935043527544,79840,19348,48,natty,2024-03-31T01:50:32.000Z
3335559935043527544,79840,19348,48,bodybuilding,2024-03-31T01:50:32.000Z
3329687823296345506,751160,127314,536,fitness,2024-03-22T23:26:09.000Z
3329687823296345506,751160,127314,536,gym,2024-03-22T23:26:09.000Z
3329687823296345506,751160,127314,536,fitnessmotivation,2024-03-22T23:26:09.000Z
3329687823296345506,751160,127314,536,gymshark,2024-03-22T23:26:09.000Z
3329687823296345506,751160,127314,536,bodybuilding,2024-03-22T23:26:09.000Z
3310518950691608091,107753,21806,81,fitness,2024-02-25T12:47:08.000Z
3310518950691608091,107753,21806,81,gymshark,2024-02-25T12:47:08.000Z
3310518950691608091,107753,21806,81,gym,2024-02-25T12:47:08.000Z
3310518950691608091,107753,21806,81,fitnessmotivation,2024-02-25T12:47:08.000Z
3332724129247732614,394600,85261,164,fitness,2024-03-27T03:58:29.000Z
3332724129247732614,394600,85261,164,gym,2024-03-27T03:58:29.000Z
3332724129247732614,394600,85261,164,bodybuilding,2024-03-27T03:58:29.000Z
3796999166028226518,13097,1381,42,gym,2025-12-27T17:48:18.000Z
3796999166028226518,13097,1381,42,fitness,2025-12-27T17:48:18.000Z
3794143186227546318,10515,1098,37,gym,2025-12-23T19:12:52.000Z
3794143186227546318,10515,1098,37,fitness,2025-12-23T19:12:52.000Z
3787830215419227877,119449,14636,81,gym,2025-12-15T02:09:58.000Z
3787830215419227877,119449,14636,81,workout,2025-12-15T02:09:58.000Z
3817997486582069815,8026,399,0,reels,2026-01-25T17:07:07.000Z
3817997486582069815,8026,399,0,foryou,2026-01-25T17:07:07.000Z
3817997486582069815,8026,399,0,motivation,2026-01-25T17:07:07.000Z
3817997486582069815,8026,399,0,fitnessmotivation,2026-01-25T17:07:07.000Z
3817997486582069815,8026,399,0,mentality,2026-01-25T17:07:07.000Z
3791860523365955866,1056004,129873,1027,fitness,2025-12-20T15:39:52.000Z
3791860523365955866,1056004,129873,1027,gym,2025-12-20T15:39:52.000Z
3791860523365955866,1056004,129873,1027,workout,2025-12-20T15:39:52.000Z
3791860523365955866,1056004,129873,1027,diet,2025-12-20T15:39:52.000Z
3818013422303431748,41258,7278,52,reels,2026-01-25T17:38:27.000Z
3818013422303431748,41258,7278,52,explore,2026-01-25T17:38:27.000Z
3818013422303431748,41258,7278,52,relatable,2026-01-25T17:38:27.000Z
3818013422303431748,41258,7278,52,explorepage,2026-01-25T17:38:27.000Z
3818013422303431748,41258,7278,52,reelsinstagram,2026-01-25T17:38:27.000Z
3781802452643330549,1350,102,5,mentalhealth,2025-12-06T18:35:14.000Z
3781802452643330549,1350,102,5,mensmentalhealth,2025-12-06T18:35:14.000Z
3818218452214165923,1475,100,1,relatable,2026-01-26T00:25:51.000Z
3818218452214165923,1475,100,1,gymmotivation,2026-01-26T00:25:51.000Z
3818218452214165923,1475,100,1,workout,2026-01-26T00:25:51.000Z
3781804086542857003,545516,80767,765,mentalhealth,2025-12-06T18:37:27.000Z
3781804086542857003,545516,80767,765,mensmentalhealth,2025-12-06T18:37:27.000Z
3818579386912353672,1160,68,1,reels,2026-01-26T12:23:14.000Z
3818579386912353672,1160,68,1,motivation,2026-01-26T12:23:14.000Z
3818579386912353672,1160,68,1,fitnessmotivation,2026-01-26T12:23:14.000Z
3818579386912353672,1160,68,1,training,2026-01-26T12:23:14.000Z
3818579386912353672,1160,68,1,abs,2026-01-26T12:23:14.000Z
3776635637714716536,439771,34512,166,mealprep,2025-11-29T15:28:28.000Z
3776635637714716536,439771,34512,166,protein,2025-11-29T15:28:28.000Z
3776635637714716536,439771,34512,166,fitness,2025-11-29T15:28:28.000Z
3800751427254420273,10046,748,21,gym,2026-01-01T22:04:28.000Z
3800751427254420273,10046,748,21,fitness,2026-01-01T22:04:28.000Z
3743886652113889261,316934,83318,259,gym,2025-10-15T11:01:49.000Z
3743886652113889261,316934,83318,259,gymmotivation,2025-10-15T11:01:49.000Z
3743886652113889261,316934,83318,259,theanswer,2025-10-15T11:01:49.000Z
3743886652113889261,316934,83318,259,quotes,2025-10-15T11:01:49.000Z
3743886652113889261,316934,83318,259,fitnessmotivation,2025-10-15T11:01:49.000Z
3743886652113889261,316934,83318,259,fitness,2025-10-15T11:01:49.000Z
3743886652113889261,316934,83318,259,relatable,2025-10-15T11:01:49.000Z
3743886652113889261,316934,83318,259,mindset,2025-10-15T11:01:49.000Z
3743886652113889261,316934,83318,259,motivation,2025-10-15T11:01:49.000Z
3743886652113889261,316934,83318,259,gymlife,2025-10-15T11:01:49.000Z
3743886652113889261,316934,83318,259,gymrat,2025-10-15T11:01:49.000Z
3743886652113889261,316934,83318,259,inspiration,2025-10-15T11:01:49.000Z
3802220889245680976,5286,968,37,gym,2026-01-03T22:42:08.000Z
3802220889245680976,5286,968,37,fitness,2026-01-03T22:42:08.000Z
3805342083368724016,59282,7795,43,legday,2026-01-08T06:03:38.000Z
3748257806207364522,4096,953,40,gym,2025-10-21T11:48:28.000Z
3748257806207364522,4096,953,40,pain,2025-10-21T11:48:28.000Z
3748257806207364522,4096,953,40,strength,2025-10-21T11:48:28.000Z
3748257806207364522,4096,953,40,gymmotivation,2025-10-21T11:48:28.000Z
3748257806207364522,4096,953,40,fitness,2025-10-21T11:48:28.000Z
3748257806207364522,4096,953,40,fitnessmotivation,2025-10-21T11:48:28.000Z
3748257806207364522,4096,953,40,bodybuilding,2025-10-21T11:48:28.000Z
3748257806207364522,4096,953,40,workout,2025-10-21T11:48:28.000Z
3748257806207364522,4096,953,40,motivation,2025-10-21T11:48:28.000Z
3748257806207364522,4096,953,40,reel,2025-10-21T11:48:28.000Z
3745341449216143322,5045,1006,47,bodybuilding,2025-10-17T11:13:34.000Z
3745341449216143322,5045,1006,47,gym,2025-10-17T11:13:34.000Z
3745341449216143322,5045,1006,47,gymmotivation,2025-10-17T11:13:34.000Z
3745341449216143322,5045,1006,47,fitness,2025-10-17T11:13:34.000Z
3745341449216143322,5045,1006,47,fitnessmotivation,2025-10-17T11:13:34.000Z
3745341449216143322,5045,1006,47,motivation,2025-10-17T11:13:34.000Z
3745341449216143322,5045,1006,47,reel,2025-10-17T11:13:34.000Z
3745341449216143322,5045,1006,47,physique,2025-10-17T11:13:34.000Z
3745341449216143322,5045,1006,47,abs,2025-10-17T11:13:34.000Z
3803295160038181520,38465,5304,42,upperbodyworkout,2026-01-05T10:16:30.000Z
3803295160038181520,38465,5304,42,gym,2026-01-05T10:16:30.000Z
3806116874405126379,24906,2869,36,gym,2026-01-09T07:42:16.000Z
3806116874405126379,24906,2869,36,gymmotivation,2026-01-09T07:42:16.000Z
3779566162687289473,51352,3358,33,giftguide,2025-12-03T15:26:19.000Z
3780289421413800125,111578,2527,27,lenovopartner,2025-12-04T16:29:27.000Z
3780289421413800125,111578,2527,27,intelholidayseason,2025-12-04T16:29:27.000Z
3780289421413800125,111578,2527,27,intelcoreultra,2025-12-04T16:29:27.000Z
3786063960458698727,57440,6650,72,m3,2025-12-12T15:40:30.000Z
3786063960458698727,57440,6650,72,g80,2025-12-12T15:40:30.000Z
3782494807537986853,13483,1170,22,bloomin8partner,2025-12-07T17:30:26.000Z
3782494807537986853,13483,1170,22,bloomin8,2025-12-07T17:30:26.000Z
3782494807537986853,13483,1170,22,einkcanvas,2025-12-07T17:30:26.000Z
3782494807537986853,13483,1170,22,pictureframe,2025-12-07T17:30:26.000Z
3782494807537986853,13483,1170,22,eink,2025-12-07T17:30:26.000Z
3782494807537986853,13483,1170,22,homedecor,2025-12-07T17:30:26.000Z
3803493681663601792,7202,1323,14,motivation,2026-01-05T16:54:26.000Z
3803493681663601792,7202,1323,14,newyearmotivation,2026-01-05T16:54:26.000Z
3803493681663601792,7202,1323,14,mondaymotivation,2026-01-05T16:54:26.000Z
3803493681663601792,7202,1323,14,mondaymorningmotivation,2026-01-05T16:54:26.000Z
3803493681663601792,7202,1323,14,mambamentality,2026-01-05T16:54:26.000Z
3804199481936220174,14633,941,17,americanfootball,2026-01-06T16:15:49.000Z
3804199481936220174,14633,941,17,gym,2026-01-06T16:15:49.000Z
3804199481936220174,14633,941,17,getbettertoday,2026-01-06T16:15:49.000Z
3804199481936220174,14633,941,17,trackandfield,2026-01-06T16:15:49.000Z
3804199481936220174,14633,941,17,track,2026-01-06T16:15:49.000Z
3804199481936220174,14633,941,17,widereciever,2026-01-06T16:15:49.000Z
3804199481936220174,14633,941,17,fyp,2026-01-06T16:15:49.000Z
3804199481936220174,14633,941,17,trend,2026-01-06T16:15:49.000Z
3804199481936220174,14633,941,17,performance,2026-01-06T16:15:49.000Z
3806663631643936938,2071,55,0,fitness,2026-01-10T01:49:01.000Z
3806663631643936938,2071,55,0,explorepage,2026-01-10T01:49:01.000Z
3806663631643936938,2071,55,0,gains,2026-01-10T01:49:01.000Z
3806663631643936938,2071,55,0,aesthetics,2026-01-10T01:49:01.000Z
3806663631643936938,2071,55,0,gym,2026-01-10T01:49:01.000Z
3806663631643936938,2071,55,0,bodybuilding,2026-01-10T01:49:01.000Z
3806663631643936938,2071,55,0,gymmotivation,2026-01-10T01:49:01.000Z
3806663631643936938,2071,55,0,workout,2026-01-10T01:49:01.000Z
3803365057384448348,95743,7279,70,americanfootball,2026-01-05T12:37:12.000Z
3803365057384448348,95743,7279,70,gym,2026-01-05T12:37:12.000Z
3803365057384448348,95743,7279,70,getbettertoday,2026-01-05T12:37:12.000Z
3803365057384448348,95743,7279,70,trackandfield,2026-01-05T12:37:12.000Z
3803365057384448348,95743,7279,70,track,2026-01-05T12:37:12.000Z
3803365057384448348,95743,7279,70,widereciever,2026-01-05T12:37:12.000Z
3803365057384448348,95743,7279,70,fyp,2026-01-05T12:37:12.000Z
3803365057384448348,95743,7279,70,trend,2026-01-05T12:37:12.000Z
3803365057384448348,95743,7279,70,performance,2026-01-05T12:37:12.000Z
3803365057384448348,95743,7279,70,weightlifting,2026-01-05T12:37:12.000Z
3805199149952482207,14173,3920,29,fitness,2026-01-08T01:19:32.000Z
3805199149952482207,14173,3920,29,explorepage,2026-01-08T01:19:32.000Z
3805199149952482207,14173,3920,29,gains,2026-01-08T01:19:32.000Z
3805199149952482207,14173,3920,29,aesthetics,2026-01-08T01:19:32.000Z
3805199149952482207,14173,3920,29,gym,2026-01-08T01:19:32.000Z
3805199149952482207,14173,3920,29,bodybuilding,2026-01-08T01:19:32.000Z
3805199149952482207,14173,3920,29,gymmotivation,2026-01-08T01:19:32.000Z
3805199149952482207,14173,3920,29,workout,2026-01-08T01:19:32.000Z
3791162423433603744,44332,3076,19,ad,2025-12-19T16:30:00.000Z
3791162423433603744,44332,3076,19,lululemoncreator,2025-12-19T16:30:00.000Z
3789724634166405028,43521,4794,40,christmas,2025-12-17T16:57:53.000Z
3808413130544386278,3929,323,3,americanfootball,2026-01-12T11:48:09.000Z
3808413130544386278,3929,323,3,gym,2026-01-12T11:48:09.000Z
3808413130544386278,3929,323,3,getbettertoday,2026-01-12T11:48:09.000Z
3808413130544386278,3929,323,3,trackandfield,2026-01-12T11:48:09.000Z
3808413130544386278,3929,323,3,track,2026-01-12T11:48:09.000Z
3808413130544386278,3929,323,3,widereciever,2026-01-12T11:48:09.000Z
3808413130544386278,3929,323,3,fyp,2026-01-12T11:48:09.000Z
3808413130544386278,3929,323,3,trend,2026-01-12T11:48:09.000Z
3808413130544386278,3929,323,3,performance,2026-01-12T11:48:09.000Z
3806981938137805708,2052,124,6,americanfootball,2026-01-10T12:23:55.000Z
3806981938137805708,2052,124,6,gym,2026-01-10T12:23:55.000Z
3806981938137805708,2052,124,6,getbettertoday,2026-01-10T12:23:55.000Z
3806981938137805708,2052,124,6,trackandfield,2026-01-10T12:23:55.000Z
3806981938137805708,2052,124,6,track,2026-01-10T12:23:55.000Z
3806981938137805708,2052,124,6,widereciever,2026-01-10T12:23:55.000Z
3806981938137805708,2052,124,6,fyp,2026-01-10T12:23:55.000Z
3806981938137805708,2052,124,6,trend,2026-01-10T12:23:55.000Z
3806981938137805708,2052,124,6,performance,2026-01-10T12:23:55.000Z
3806981938137805708,2052,124,6,weightlifting,2026-01-10T12:23:55.000Z
3805087183870706170,7083,1007,19,fitnessmodel,2026-01-07T21:37:06.000Z
3805087183870706170,7083,1007,19,fitnessmotivation,2026-01-07T21:37:06.000Z
3805087183870706170,7083,1007,19,chestworkout,2026-01-07T21:37:06.000Z
3805087183870706170,7083,1007,19,armworkout,2026-01-07T21:37:06.000Z
3418648109675109358,26871,7295,83,fitness,2024-07-23T17:12:26.000Z
3418648109675109358,26871,7295,83,fitnessmotivation,2024-07-23T17:12:26.000Z
3418648109675109358,26871,7295,83,asthetic,2024-07-23T17:12:26.000Z
3418648109675109358,26871,7295,83,physique,2024-07-23T17:12:26.000Z
3418648109675109358,26871,7295,83,bodybuiding,2024-07-23T17:12:26.000Z
3418648109675109358,26871,7295,83,gym,2024-07-23T17:12:26.000Z
3418648109675109358,26871,7295,83,motivation,2024-07-23T17:12:26.000Z
3418648109675109358,26871,7295,83,bodybuilder,2024-07-23T17:12:26.000Z
3418648109675109358,26871,7295,83,explorepage,2024-07-23T17:12:26.000Z
3418648109675109358,26871,7295,83,workout,2024-07-23T17:12:26.000Z
3418648109675109358,26871,7295,83,workoutmotivation,2024-07-23T17:12:26.000Z
3418648109675109358,26871,7295,83,weightlifting,2024-07-23T17:12:26.000Z
3418648109675109358,26871,7295,83,powerlifting,2024-07-23T17:12:26.000Z
3808550798314233018,39155,3914,35,skincare,2026-01-12T16:18:24.000Z
3808550798314233018,39155,3914,35,mensgrooming,2026-01-12T16:18:24.000Z
3817139014096961510,7273,472,11,americanfootball,2026-01-24T12:45:06.000Z
3817139014096961510,7273,472,11,gym,2026-01-24T12:45:06.000Z
3817139014096961510,7273,472,11,getbettertoday,2026-01-24T12:45:06.000Z
3817139014096961510,7273,472,11,trackandfield,2026-01-24T12:45:06.000Z
3817139014096961510,7273,472,11,track,2026-01-24T12:45:06.000Z
3817139014096961510,7273,472,11,widereciever,2026-01-24T12:45:06.000Z
3817139014096961510,7273,472,11,fyp,2026-01-24T12:45:06.000Z
3817139014096961510,7273,472,11,performance,2026-01-24T12:45:06.000Z
3817139014096961510,7273,472,11,weightlifting,2026-01-24T12:45:06.000Z
3788626188864442263,34375,3154,11,giftguide,2025-12-16T04:30:00.000Z
3788626188864442263,34375,3154,11,grooming,2025-12-16T04:30:00.000Z
3543351091465440293,153895,23358,209,bmw,2025-01-11T18:34:38.000Z
3543351091465440293,153895,23358,209,bmwlaser,2025-01-11T18:34:38.000Z
3543351091465440293,153895,23358,209,m340i,2025-01-11T18:34:38.000Z
3543351091465440293,153895,23358,209,g20,2025-01-11T18:34:38.000Z
3543351091465440293,153895,23358,209,carmods,2025-01-11T18:34:38.000Z
3802980389829026040,3412359,527702,571,fitness,2026-01-04T23:51:40.000Z
3802980389829026040,3412359,527702,571,explorepage,2026-01-04T23:51:40.000Z
3802980389829026040,3412359,527702,571,gains,2026-01-04T23:51:40.000Z
3802980389829026040,3412359,527702,571,aesthetics,2026-01-04T23:51:40.000Z
3802980389829026040,3412359,527702,571,gym,2026-01-04T23:51:40.000Z
3802980389829026040,3412359,527702,571,bodybuilding,2026-01-04T23:51:40.000Z
3802980389829026040,3412359,527702,571,gymmotivation,2026-01-04T23:51:40.000Z
3802980389829026040,3412359,527702,571,workout,2026-01-04T23:51:40.000Z
3802974852836097608,23065,2271,16,fitness,2026-01-04T23:41:18.000Z
3802974852836097608,23065,2271,16,explorepage,2026-01-04T23:41:18.000Z
3802974852836097608,23065,2271,16,gains,2026-01-04T23:41:18.000Z
3802974852836097608,23065,2271,16,aesthetics,2026-01-04T23:41:18.000Z
3802974852836097608,23065,2271,16,gym,2026-01-04T23:41:18.000Z
3802974852836097608,23065,2271,16,bodybuilding,2026-01-04T23:41:18.000Z
3802974852836097608,23065,2271,16,gymmotivation,2026-01-04T23:41:18.000Z
3802974852836097608,23065,2271,16,workout,2026-01-04T23:41:18.000Z
3779120475851571399,29768,4282,26,fitness,2025-12-03T01:45:24.000Z
3779120475851571399,29768,4282,26,explorepage,2025-12-03T01:45:24.000Z
3779120475851571399,29768,4282,26,gains,2025-12-03T01:45:24.000Z
3779120475851571399,29768,4282,26,aesthetics,2025-12-03T01:45:24.000Z
3779120475851571399,29768,4282,26,gym,2025-12-03T01:45:24.000Z
3779120475851571399,29768,4282,26,bodybuilding,2025-12-03T01:45:24.000Z
3779120475851571399,29768,4282,26,gymmotivation,2025-12-03T01:45:24.000Z
3779120475851571399,29768,4282,26,workout,2025-12-03T01:45:24.000Z
3779120475851571399,29768,4282,26,animalpartner,2025-12-03T01:45:24.000Z
3779120475851571399,29768,4282,26,animalpak,2025-12-03T01:45:24.000Z
3779120475851571399,29768,4282,26,iamanimal,2025-12-03T01:45:24.000Z
3799660414376652065,10795,573,9,americanfootball,2025-12-31T09:58:36.000Z
3799660414376652065,10795,573,9,gym,2025-12-31T09:58:36.000Z
3799660414376652065,10795,573,9,getbettertoday,2025-12-31T09:58:36.000Z
3799660414376652065,10795,573,9,trackandfield,2025-12-31T09:58:36.000Z
3799660414376652065,10795,573,9,track,2025-12-31T09:58:36.000Z
3799660414376652065,10795,573,9,widereciever,2025-12-31T09:58:36.000Z
3799660414376652065,10795,573,9,fyp,2025-12-31T09:58:36.000Z
3799660414376652065,10795,573,9,trend,2025-12-31T09:58:36.000Z
3799660414376652065,10795,573,9,performance,2025-12-31T09:58:36.000Z
3775970709777357696,35384,3853,35,outfit,2025-11-28T17:34:56.000Z
3801959324646379019,3620,199,2,americanfootball,2026-01-03T14:04:26.000Z
3801959324646379019,3620,199,2,gym,2026-01-03T14:04:26.000Z
3801959324646379019,3620,199,2,getbettertoday,2026-01-03T14:04:26.000Z
3801959324646379019,3620,199,2,trackandfield,2026-01-03T14:04:26.000Z
3801959324646379019,3620,199,2,track,2026-01-03T14:04:26.000Z
3801959324646379019,3620,199,2,widereciever,2026-01-03T14:04:26.000Z
3801959324646379019,3620,199,2,fyp,2026-01-03T14:04:26.000Z
3801959324646379019,3620,199,2,trend,2026-01-03T14:04:26.000Z
3801959324646379019,3620,199,2,performance,2026-01-03T14:04:26.000Z
3800479243843420242,6556,447,8,ultimateathlete,2026-01-01T15:37:23.000Z
3800479243843420242,6556,447,8,trainlikeapro,2026-01-01T15:37:23.000Z
3800479243843420242,6556,447,8,liftlikelander,2026-01-01T15:37:23.000Z
3800479243843420242,6556,447,8,speedstrengthpower,2026-01-01T15:37:23.000Z
3800479243843420242,6556,447,8,athletelife,2026-01-01T15:37:23.000Z
3800479243843420242,6556,447,8,fyp,2026-01-01T15:37:23.000Z
3800479243843420242,6556,447,8,trend,2026-01-01T15:37:23.000Z
3800479243843420242,6556,447,8,americanfootball,2026-01-01T15:37:23.000Z
3800479243843420242,6556,447,8,gym,2026-01-01T15:37:23.000Z
3800479243843420242,6556,447,8,getbettertoday,2026-01-01T15:37:23.000Z
3800479243843420242,6556,447,8,trackandfield,2026-01-01T15:37:23.000Z
3800479243843420242,6556,447,8,track,2026-01-01T15:37:23.000Z
3800479243843420242,6556,447,8,widereciever,2026-01-01T15:37:23.000Z
3800479243843420242,6556,447,8,performance,2026-01-01T15:37:23.000Z
3775183480582910071,192864,17696,61,ad,2025-11-27T15:25:16.000Z
3804738379863034484,3805,414,7,americanfootball,2026-01-07T10:11:22.000Z
3804738379863034484,3805,414,7,gym,2026-01-07T10:11:22.000Z
3804738379863034484,3805,414,7,getbettertoday,2026-01-07T10:11:22.000Z
3804738379863034484,3805,414,7,trackandfield,2026-01-07T10:11:22.000Z
3804738379863034484,3805,414,7,track,2026-01-07T10:11:22.000Z
3804738379863034484,3805,414,7,widereciever,2026-01-07T10:11:22.000Z
3804738379863034484,3805,414,7,fyp,2026-01-07T10:11:22.000Z
3804738379863034484,3805,414,7,performance,2026-01-07T10:11:22.000Z
3804738379863034484,3805,414,7,weightlifting,2026-01-07T10:11:22.000Z
3807672931065535122,6770,574,6,americanfootball,2026-01-11T11:24:42.000Z
3807672931065535122,6770,574,6,gym,2026-01-11T11:24:42.000Z
3807672931065535122,6770,574,6,getbettertoday,2026-01-11T11:24:42.000Z
3807672931065535122,6770,574,6,trackandfield,2026-01-11T11:24:42.000Z
3807672931065535122,6770,574,6,track,2026-01-11T11:24:42.000Z
3807672931065535122,6770,574,6,widereciever,2026-01-11T11:24:42.000Z
3807672931065535122,6770,574,6,fyp,2026-01-11T11:24:42.000Z
3807672931065535122,6770,574,6,trend,2026-01-11T11:24:42.000Z
3807672931065535122,6770,574,6,performance,2026-01-11T11:24:42.000Z
3801067257707736210,34874,3825,42,sleeperbuild,2026-01-02T08:29:46.000Z
3304362644712822417,39349,6724,36,maxwellkrause,2024-02-17T00:46:20.000Z
3304362644712822417,39349,6724,36,maxwellkrauseforpresident,2024-02-17T00:46:20.000Z
3778828798549124841,81937,7506,45,giftguide,2025-12-02T16:05:59.000Z
3817394850728319338,130690,9920,108,hair,2026-01-24T21:11:02.000Z
3817394850728319338,130690,9920,108,hairstyle,2026-01-24T21:11:02.000Z
3817394850728319338,130690,9920,108,wavyhair,2026-01-24T21:11:02.000Z
3817394850728319338,130690,9920,108,longhair,2026-01-24T21:11:02.000Z
3817394850728319338,130690,9920,108,relatable,2026-01-24T21:11:02.000Z
3758630439477650641,16156,5889,30,fitness,2025-11-04T19:15:08.000Z
3758630439477650641,16156,5889,30,explorepage,2025-11-04T19:15:08.000Z
3758630439477650641,16156,5889,30,gains,2025-11-04T19:15:08.000Z
3758630439477650641,16156,5889,30,aesthetics,2025-11-04T19:15:08.000Z
3758630439477650641,16156,5889,30,gym,2025-11-04T19:15:08.000Z
3758630439477650641,16156,5889,30,bodybuilding,2025-11-04T19:15:08.000Z
3758630439477650641,16156,5889,30,gymmotivation,2025-11-04T19:15:08.000Z
3758630439477650641,16156,5889,30,workout,2025-11-04T19:15:08.000Z
3799554408385331892,69192,10265,68,upperbodyworkout,2025-12-31T06:24:15.000Z
3768954462501719559,23750,8444,44,fitness,2025-11-19T01:07:27.000Z
3768954462501719559,23750,8444,44,explorepage,2025-11-19T01:07:27.000Z
3768954462501719559,23750,8444,44,gains,2025-11-19T01:07:27.000Z
3768954462501719559,23750,8444,44,aesthetics,2025-11-19T01:07:27.000Z
3768954462501719559,23750,8444,44,gym,2025-11-19T01:07:27.000Z
3768954462501719559,23750,8444,44,bodybuilding,2025-11-19T01:07:27.000Z
3768954462501719559,23750,8444,44,gymmotivation,2025-11-19T01:07:27.000Z
3768954462501719559,23750,8444,44,workout,2025-11-19T01:07:27.000Z
3798909518332147216,268164,19527,55,stretchingroutine,2025-12-30T09:02:58.000Z
3800303540816645788,67823,9480,75,legday,2026-01-01T07:12:40.000Z
3769662742798631977,12327,3084,23,fitness,2025-11-20T00:35:37.000Z
3769662742798631977,12327,3084,23,explorepage,2025-11-20T00:35:37.000Z
3769662742798631977,12327,3084,23,gains,2025-11-20T00:35:37.000Z
3769662742798631977,12327,3084,23,aesthetics,2025-11-20T00:35:37.000Z
3769662742798631977,12327,3084,23,gym,2025-11-20T00:35:37.000Z
3769662742798631977,12327,3084,23,bodybuilding,2025-11-20T00:35:37.000Z
3769662742798631977,12327,3084,23,gymmotivation,2025-11-20T00:35:37.000Z
3769662742798631977,12327,3084,23,workout,2025-11-20T00:35:37.000Z
3760930081267629798,25461,4107,15,fitness,2025-11-07T23:26:42.000Z
3760930081267629798,25461,4107,15,explorepage,2025-11-07T23:26:42.000Z
3760930081267629798,25461,4107,15,gains,2025-11-07T23:26:42.000Z
3760930081267629798,25461,4107,15,aesthetics,2025-11-07T23:26:42.000Z
3760930081267629798,25461,4107,15,gym,2025-11-07T23:26:42.000Z
3760930081267629798,25461,4107,15,bodybuilding,2025-11-07T23:26:42.000Z
3760930081267629798,25461,4107,15,gymmotivation,2025-11-07T23:26:42.000Z
3760930081267629798,25461,4107,15,workout,2025-11-07T23:26:42.000Z
3455595048697959466,27921,6006,68,gym,2024-09-12T16:39:04.000Z
3455595048697959466,27921,6006,68,aesthetics,2024-09-12T16:39:04.000Z
3455595048697959466,27921,6006,68,fitness,2024-09-12T16:39:04.000Z
3455595048697959466,27921,6006,68,workout,2024-09-12T16:39:04.000Z
3455595048697959466,27921,6006,68,bodybuilding,2024-09-12T16:39:04.000Z
3455595048697959466,27921,6006,68,motivation,2024-09-12T16:39:04.000Z
3455595048697959466,27921,6006,68,health,2024-09-12T16:39:04.000Z
3455595048697959466,27921,6006,68,dedication,2024-09-12T16:39:04.000Z
3455595048697959466,27921,6006,68,gymmotivation,2024-09-12T16:39:04.000Z
3455595048697959466,27921,6006,68,gymlife,2024-09-12T16:39:04.000Z
3455595048697959466,27921,6006,68,muscle,2024-09-12T16:39:04.000Z
3455595048697959466,27921,6006,68,mindset,2024-09-12T16:39:04.000Z
3455595048697959466,27921,6006,68,leanmuscle,2024-09-12T16:39:04.000Z
3455595048697959466,27921,6006,68,leangains,2024-09-12T16:39:04.000Z
3455595048697959466,27921,6006,68,shredded,2024-09-12T16:39:04.000Z
3455595048697959466,27921,6006,68,transformation,2024-09-12T16:39:04.000Z
3455595048697959466,27921,6006,68,roadtopro,2024-09-12T16:39:04.000Z
3455595048697959466,27921,6006,68,competition,2024-09-12T16:39:04.000Z
3455595048697959466,27921,6006,68,natural,2024-09-12T16:39:04.000Z
3455595048697959466,27921,6006,68,gymreels,2024-09-12T16:39:04.000Z
3455595048697959466,27921,6006,68,reels,2024-09-12T16:39:04.000Z
3749338210389298107,172157,28597,141,fitness,2025-10-22T23:36:14.000Z
3749338210389298107,172157,28597,141,explorepage,2025-10-22T23:36:14.000Z
3749338210389298107,172157,28597,141,gains,2025-10-22T23:36:14.000Z
3749338210389298107,172157,28597,141,aesthetics,2025-10-22T23:36:14.000Z
3749338210389298107,172157,28597,141,gym,2025-10-22T23:36:14.000Z
3749338210389298107,172157,28597,141,bodybuilding,2025-10-22T23:36:14.000Z
3749338210389298107,172157,28597,141,gymmotivation,2025-10-22T23:36:14.000Z
3749338210389298107,172157,28597,141,workout,2025-10-22T23:36:14.000Z
3818579611223720287,1765,86,0,reels,2026-01-26T12:23:48.000Z
3818579611223720287,1765,86,0,motivation,2026-01-26T12:23:48.000Z
3818579611223720287,1765,86,0,fitnessmotivation,2026-01-26T12:23:48.000Z
3818579611223720287,1765,86,0,training,2026-01-26T12:23:48.000Z
3818579611223720287,1765,86,0,abs,2026-01-26T12:23:48.000Z
3757329204678072563,29876,5435,24,fitness,2025-11-03T00:11:21.000Z
3757329204678072563,29876,5435,24,explorepage,2025-11-03T00:11:21.000Z
3757329204678072563,29876,5435,24,gains,2025-11-03T00:11:21.000Z
3757329204678072563,29876,5435,24,aesthetics,2025-11-03T00:11:21.000Z
3757329204678072563,29876,5435,24,gym,2025-11-03T00:11:21.000Z
3757329204678072563,29876,5435,24,bodybuilding,2025-11-03T00:11:21.000Z
3757329204678072563,29876,5435,24,gymmotivation,2025-11-03T00:11:21.000Z
3757329204678072563,29876,5435,24,workout,2025-11-03T00:11:21.000Z
3815956783043786561,94968,7413,75,gym,2026-01-22T21:33:13.000Z
3815956783043786561,94968,7413,75,gymmotivation,2026-01-22T21:33:13.000Z
3815956783043786561,94968,7413,75,fitnesscoach,2026-01-22T21:33:13.000Z
3815956783043786561,94968,7413,75,workout,2026-01-22T21:33:13.000Z
3815956783043786561,94968,7413,75,motivation,2026-01-22T21:33:13.000Z
3791950024612447647,11100,1100,13,gym,2025-12-20T18:36:47.000Z
3791950024612447647,11100,1100,13,fitness,2025-12-20T18:36:47.000Z
3815755222811816653,3232,245,0,reels,2026-01-22T14:52:50.000Z
3815755222811816653,3232,245,0,foryou,2026-01-22T14:52:50.000Z
3815755222811816653,3232,245,0,motivation,2026-01-22T14:52:50.000Z
3815755222811816653,3232,245,0,fitnessmotivation,2026-01-22T14:52:50.000Z
3815755222811816653,3232,245,0,training,2026-01-22T14:52:50.000Z
3805630956309068910,63129,4561,44,americanfootball,2026-01-08T15:42:08.000Z
3805630956309068910,63129,4561,44,gym,2026-01-08T15:42:08.000Z
3805630956309068910,63129,4561,44,getbettertoday,2026-01-08T15:42:08.000Z
3805630956309068910,63129,4561,44,trackandfield,2026-01-08T15:42:08.000Z
3805630956309068910,63129,4561,44,track,2026-01-08T15:42:08.000Z
3805630956309068910,63129,4561,44,widereciever,2026-01-08T15:42:08.000Z
3805630956309068910,63129,4561,44,fyp,2026-01-08T15:42:08.000Z
3805630956309068910,63129,4561,44,trend,2026-01-08T15:42:08.000Z
3805630956309068910,63129,4561,44,combine,2026-01-08T15:42:08.000Z
3805630956309068910,63129,4561,44,performance,2026-01-08T15:42:08.000Z
3805630956309068910,63129,4561,44,weightlifting,2026-01-08T15:42:08.000Z
3810823558046156499,2139,130,2,americanfootball,2026-01-15T19:35:41.000Z
3810823558046156499,2139,130,2,gym,2026-01-15T19:35:41.000Z
3810823558046156499,2139,130,2,getbettertoday,2026-01-15T19:35:41.000Z
3810823558046156499,2139,130,2,trackandfield,2026-01-15T19:35:41.000Z
3810823558046156499,2139,130,2,track,2026-01-15T19:35:41.000Z
3810823558046156499,2139,130,2,widereciever,2026-01-15T19:35:41.000Z
3810823558046156499,2139,130,2,fyp,2026-01-15T19:35:41.000Z
3810823558046156499,2139,130,2,trend,2026-01-15T19:35:41.000Z
3810823558046156499,2139,130,2,performance,2026-01-15T19:35:41.000Z
3803737532341541192,3251,348,2,fitness,2026-01-06T00:54:51.000Z
3803737532341541192,3251,348,2,explorepage,2026-01-06T00:54:51.000Z
3803737532341541192,3251,348,2,gains,2026-01-06T00:54:51.000Z
3803737532341541192,3251,348,2,aesthetics,2026-01-06T00:54:51.000Z
3803737532341541192,3251,348,2,gym,2026-01-06T00:54:51.000Z
3803737532341541192,3251,348,2,bodybuilding,2026-01-06T00:54:51.000Z
3803737532341541192,3251,348,2,gymmotivation,2026-01-06T00:54:51.000Z
3803737532341541192,3251,348,2,workout,2026-01-06T00:54:51.000Z
3735107806631672259,2648,167,18,fitmum,2025-10-03T08:50:55.000Z
3735107806631672259,2648,167,18,fitmotivation,2025-10-03T08:50:55.000Z
3735107806631672259,2648,167,18,gymgirl,2025-10-03T08:50:55.000Z
3762441388647119322,22494,3677,21,fitness,2025-11-10T01:29:23.000Z
3762441388647119322,22494,3677,21,explorepage,2025-11-10T01:29:23.000Z
3762441388647119322,22494,3677,21,gains,2025-11-10T01:29:23.000Z
3762441388647119322,22494,3677,21,aesthetics,2025-11-10T01:29:23.000Z
3762441388647119322,22494,3677,21,gym,2025-11-10T01:29:23.000Z
3762441388647119322,22494,3677,21,bodybuilding,2025-11-10T01:29:23.000Z
3762441388647119322,22494,3677,21,gymmotivation,2025-11-10T01:29:23.000Z
3762441388647119322,22494,3677,21,workout,2025-11-10T01:29:23.000Z
3819395330463456850,4510,137,4,workout,2026-01-27T15:24:08.000Z
3819395330463456850,4510,137,4,gym,2026-01-27T15:24:08.000Z
3819395330463456850,4510,137,4,fitness,2026-01-27T15:24:08.000Z
3819395330463456850,4510,137,4,bodybuilding,2026-01-27T15:24:08.000Z
3819395330463456850,4510,137,4,health,2026-01-27T15:24:08.000Z
3819052006556793864,12426,2204,12,workout,2026-01-27T04:02:04.000Z
3819052006556793864,12426,2204,12,gym,2026-01-27T04:02:04.000Z
3819052006556793864,12426,2204,12,fitness,2026-01-27T04:02:04.000Z
3819052006556793864,12426,2204,12,bodybuilding,2026-01-27T04:02:04.000Z
3819052006556793864,12426,2204,12,health,2026-01-27T04:02:04.000Z
3819421931813144349,15564,1372,16,workout,2026-01-27T16:17:41.000Z
3819421931813144349,15564,1372,16,gym,2026-01-27T16:17:41.000Z
3819421931813144349,15564,1372,16,fitness,2026-01-27T16:17:41.000Z
3819421931813144349,15564,1372,16,bodybuilding,2026-01-27T16:17:41.000Z
3819421931813144349,15564,1372,16,health,2026-01-27T16:17:41.000Z
3819068489080935696,35201,3346,24,workout,2026-01-27T04:35:00.000Z
3819068489080935696,35201,3346,24,gym,2026-01-27T04:35:00.000Z
3819068489080935696,35201,3346,24,fitness,2026-01-27T04:35:00.000Z
3819068489080935696,35201,3346,24,bodybuilding,2026-01-27T04:35:00.000Z
3819068489080935696,35201,3346,24,health,2026-01-27T04:35:00.000Z
3818877478060741790,109115,6613,223,workout,2026-01-26T22:16:14.000Z
3818877478060741790,109115,6613,223,gym,2026-01-26T22:16:14.000Z
3818877478060741790,109115,6613,223,fitness,2026-01-26T22:16:14.000Z
3818877478060741790,109115,6613,223,bodybuilding,2026-01-26T22:16:14.000Z
3818877478060741790,109115,6613,223,health,2026-01-26T22:16:14.000Z
3819391818170482012,1626,210,2,workout,2026-01-27T15:17:36.000Z
3819391818170482012,1626,210,2,gym,2026-01-27T15:17:36.000Z
3819391818170482012,1626,210,2,fitness,2026-01-27T15:17:36.000Z
3819391818170482012,1626,210,2,bodybuilding,2026-01-27T15:17:36.000Z
3819391818170482012,1626,210,2,health,2026-01-27T15:17:36.000Z
3818853862417981724,6990,509,2,workout,2026-01-26T21:28:45.000Z
3818853862417981724,6990,509,2,gym,2026-01-26T21:28:45.000Z
3818853862417981724,6990,509,2,fitness,2026-01-26T21:28:45.000Z
3818853862417981724,6990,509,2,bodybuilding,2026-01-26T21:28:45.000Z
3818853862417981724,6990,509,2,health,2026-01-26T21:28:45.000Z
3799090446177669236,9675,667,184,macros,2025-12-30T15:04:55.000Z
3799090446177669236,9675,667,184,weightloss,2025-12-30T15:04:55.000Z
3799090446177669236,9675,667,184,fitnessjourney,2025-12-30T15:04:55.000Z
3772538289933378026,14736,3239,17,fitness,2025-11-23T23:47:36.000Z
3772538289933378026,14736,3239,17,explorepage,2025-11-23T23:47:36.000Z
3772538289933378026,14736,3239,17,gains,2025-11-23T23:47:36.000Z
3772538289933378026,14736,3239,17,aesthetics,2025-11-23T23:47:36.000Z
3772538289933378026,14736,3239,17,gym,2025-11-23T23:47:36.000Z
3772538289933378026,14736,3239,17,bodybuilding,2025-11-23T23:47:36.000Z
3772538289933378026,14736,3239,17,gymmotivation,2025-11-23T23:47:36.000Z
3772538289933378026,14736,3239,17,workout,2025-11-23T23:47:36.000Z
3743286572771805726,2231206,247347,1944,motivation,2025-10-14T15:10:31.000Z
3743286572771805726,2231206,247347,1944,fitnessmotivation,2025-10-14T15:10:31.000Z
3743286572771805726,2231206,247347,1944,mentalhealth,2025-10-14T15:10:31.000Z
3762170216794103561,6992110,564484,4169,fitness,2025-11-09T16:29:31.000Z
3762170216794103561,6992110,564484,4169,gym,2025-11-09T16:29:31.000Z
3762170216794103561,6992110,564484,4169,fitnessmotivation,2025-11-09T16:29:31.000Z
3739658961797588577,449432,86188,1106,motivation,2025-10-09T15:05:15.000Z
3739658961797588577,449432,86188,1106,mentalhealth,2025-10-09T15:05:15.000Z
